Date,Open,High,Low,Close,Volume,HV_20,HV_252,snapshot_time,snapshot_str,ticker
2024-04-30,171.77,173.41,168.47,168.79,65934800,,,2026-04-29 18:31:18.793436,20260429_183118,AAPL
2024-05-01,168.05,171.15,167.58,167.77,50383100,,,2026-04-29 18:31:18.793436,20260429_183118,AAPL
2024-05-02,170.95,171.86,169.35,171.47,94214900,,,2026-04-29 18:31:18.793436,20260429_183118,AAPL
2024-05-03,184.97,185.31,181.01,181.73,163224100,,,2026-04-29 18:31:18.793436,20260429_183118,AAPL
2024-05-06,180.71,182.54,178.79,180.07,78569700,,,2026-04-29 18:31:18.793436,20260429_183118,AAPL
2024-05-07,181.8,183.23,179.68,180.75,77305800,,,2026-04-29 18:31:18.793436,20260429_183118,AAPL
2024-05-08,181.2,181.42,179.81,181.09,45057100,,,2026-04-29 18:31:18.793436,20260429_183118,AAPL
2024-05-09,180.91,182.99,180.47,182.91,48983000,,,2026-04-29 18:31:18.793436,20260429_183118,AAPL
2024-05-10,183.48,183.67,180.73,181.65,50759500,,,2026-04-29 18:31:18.793436,20260429_183118,AAPL
2024-05-13,184.02,185.66,183.2,184.85,72044800,,,2026-04-29 18:31:18.793436,20260429_183118,AAPL
2024-05-14,186.07,186.85,184.86,185.99,52393600,,,2026-04-29 18:31:18.793436,20260429_183118,AAPL
2024-05-15,186.47,189.19,185.93,188.26,70400000,,,2026-04-29 18:31:18.793436,20260429_183118,AAPL
2024-05-16,189.01,189.63,188.2,188.38,52845200,,,2026-04-29 18:31:18.793436,20260429_183118,AAPL
2024-05-17,188.06,189.35,187.73,188.41,41282900,,,2026-04-29 18:31:18.793436,20260429_183118,AAPL
2024-05-20,187.88,190.45,187.56,189.57,44361300,,,2026-04-29 18:31:18.793436,20260429_183118,AAPL
2024-05-21,189.62,191.25,189.45,190.87,42309400,,,2026-04-29 18:31:18.793436,20260429_183118,AAPL
2024-05-22,190.79,191.34,188.81,189.43,34648500,,,2026-04-29 18:31:18.793436,20260429_183118,AAPL
2024-05-23,189.51,189.53,185.2,185.45,51005900,,,2026-04-29 18:31:18.793436,20260429_183118,AAPL
2024-05-24,187.37,189.12,186.6,188.52,36327000,,,2026-04-29 18:31:18.793436,20260429_183118,AAPL
2024-05-28,190.04,191.52,187.65,188.53,52280100,,,2026-04-29 18:31:18.793436,20260429_183118,AAPL
2024-05-29,188.15,190.77,188.06,188.83,53068000,0.254,,2026-04-29 18:31:18.793436,20260429_183118,AAPL
2024-05-30,189.3,190.71,189.17,189.82,49889100,0.2503,,2026-04-29 18:31:18.793436,20260429_183118,AAPL
2024-05-31,189.97,191.09,188.45,190.77,75158300,0.2434,,2026-04-29 18:31:18.793436,20260429_183118,AAPL
2024-06-03,191.42,193.49,191.04,192.54,50080500,0.1447,,2026-04-29 18:31:18.793436,20260429_183118,AAPL
2024-06-04,193.15,193.82,191.55,192.86,47471400,0.1377,,2026-04-29 18:31:18.793436,20260429_183118,AAPL
2024-06-05,193.9,195.39,193.37,194.37,54156800,0.1386,,2026-04-29 18:31:18.793436,20260429_183118,AAPL
2024-06-06,194.19,194.99,192.68,192.99,41181800,0.1437,,2026-04-29 18:31:18.793436,20260429_183118,AAPL
2024-06-07,193.16,195.43,192.65,195.38,53103900,0.1454,,2026-04-29 18:31:18.793436,20260429_183118,AAPL
2024-06-10,195.39,195.79,190.68,191.64,97010200,0.1626,,2026-04-29 18:31:18.793436,20260429_183118,AAPL
2024-06-11,192.16,205.57,192.14,205.56,172373300,0.2864,,2026-04-29 18:31:18.793436,20260429_183118,AAPL
2024-06-12,205.78,218.51,205.31,211.43,198134300,0.2977,,2026-04-29 18:31:18.793436,20260429_183118,AAPL
2024-06-13,213.09,215.09,209.98,212.6,97862700,0.297,,2026-04-29 18:31:18.793436,20260429_183118,AAPL
2024-06-14,212.21,213.52,209.68,210.86,70122700,0.3007,,2026-04-29 18:31:18.793436,20260429_183118,AAPL
2024-06-17,211.73,217.27,211.09,215.01,93728300,0.3039,,2026-04-29 18:31:18.793436,20260429_183118,AAPL
2024-06-18,215.92,216.95,211.37,212.65,79943300,0.3103,,2026-04-29 18:31:18.793436,20260429_183118,AAPL
2024-06-20,212.29,212.6,207.25,208.07,86172500,0.3252,,2026-04-29 18:31:18.793436,20260429_183118,AAPL
2024-06-21,208.78,210.26,205.52,205.9,241805100,0.3268,,2026-04-29 18:31:18.793436,20260429_183118,AAPL
2024-06-24,206.13,211.07,205.0,206.54,80727000,0.3127,,2026-04-29 18:31:18.793436,20260429_183118,AAPL
2024-06-25,207.54,209.76,207.01,207.47,55549700,0.31,,2026-04-29 18:31:18.793436,20260429_183118,AAPL
2024-06-26,209.88,213.21,209.02,211.61,66213200,0.3139,,2026-04-29 18:31:18.793436,20260429_183118,AAPL
2024-06-27,213.04,214.08,210.72,212.46,49772700,0.3136,,2026-04-29 18:31:18.793436,20260429_183118,AAPL
2024-06-28,214.11,214.41,208.69,209.0,82542700,0.3234,,2026-04-29 18:31:18.793436,20260429_183118,AAPL
2024-07-01,210.46,215.84,210.29,215.09,60402900,0.3343,,2026-04-29 18:31:18.793436,20260429_183118,AAPL
2024-07-02,214.49,218.69,213.45,218.58,58046200,0.3361,,2026-04-29 18:31:18.793436,20260429_183118,AAPL
2024-07-03,218.31,219.85,217.35,219.85,37369800,0.3357,,2026-04-29 18:31:18.793436,20260429_183118,AAPL
2024-07-05,219.95,224.71,219.95,224.6,60412400,0.3398,,2026-04-29 18:31:18.793436,20260429_183118,AAPL
2024-07-08,225.35,226.1,221.54,226.07,59085900,0.3356,,2026-04-29 18:31:18.793436,20260429_183118,AAPL
2024-07-09,226.18,227.64,224.63,226.92,48076100,0.3355,,2026-04-29 18:31:18.793436,20260429_183118,AAPL
2024-07-10,227.54,231.29,227.49,231.19,62627700,0.322,,2026-04-29 18:31:18.793436,20260429_183118,AAPL
2024-07-11,229.61,230.61,224.04,225.82,64710600,0.2515,,2026-04-29 18:31:18.793436,20260429_183118,AAPL
2024-07-12,227.16,230.85,226.92,228.77,53046500,0.2381,,2026-04-29 18:31:18.793436,20260429_183118,AAPL
2024-07-15,234.67,235.41,231.3,232.6,62631300,0.2423,,2026-04-29 18:31:18.793436,20260429_183118,AAPL
2024-07-16,233.2,234.46,230.55,233.02,43234300,0.2379,,2026-04-29 18:31:18.793436,20260429_183118,AAPL
2024-07-17,227.69,229.68,224.9,227.12,57345900,0.2548,,2026-04-29 18:31:18.793436,20260429_183118,AAPL
2024-07-18,228.51,228.67,220.56,222.46,66034600,0.2639,,2026-04-29 18:31:18.793436,20260429_183118,AAPL
2024-07-19,223.09,225.06,221.57,222.59,49151500,0.2484,,2026-04-29 18:31:18.793436,20260429_183118,AAPL
2024-07-22,225.27,226.03,221.38,222.24,48201800,0.2438,,2026-04-29 18:31:18.793436,20260429_183118,AAPL
2024-07-23,222.65,225.2,220.97,223.28,39960300,0.2438,,2026-04-29 18:31:18.793436,20260429_183118,AAPL
2024-07-24,222.28,223.07,215.46,216.86,61777600,0.2705,,2026-04-29 18:31:18.793436,20260429_183118,AAPL
2024-07-25,217.25,219.16,212.97,215.82,51391200,0.2633,,2026-04-29 18:31:18.793436,20260429_183118,AAPL
2024-07-26,217.02,217.81,214.35,216.29,41601300,0.2631,,2026-04-29 18:31:18.793436,20260429_183118,AAPL
2024-07-29,215.29,217.62,214.09,216.57,36311800,0.2551,,2026-04-29 18:31:18.793436,20260429_183118,AAPL
2024-07-30,217.51,218.64,214.46,217.12,41643800,0.2345,,2026-04-29 18:31:18.793436,20260429_183118,AAPL
2024-07-31,219.74,222.1,218.94,220.38,50036300,0.2335,,2026-04-29 18:31:18.793436,20260429_183118,AAPL
2024-08-01,222.65,222.76,215.35,216.68,62501000,0.2403,,2026-04-29 18:31:18.793436,20260429_183118,AAPL
2024-08-02,217.47,223.87,216.04,218.17,105568600,0.2278,,2026-04-29 18:31:18.793436,20260429_183118,AAPL
2024-08-05,197.56,211.86,194.5,207.66,119548600,0.2818,,2026-04-29 18:31:18.793436,20260429_183118,AAPL
2024-08-06,203.72,208.38,199.53,205.64,69660500,0.2808,,2026-04-29 18:31:18.793436,20260429_183118,AAPL
2024-08-07,205.31,212.0,204.81,208.21,63516400,0.2747,,2026-04-29 18:31:18.793436,20260429_183118,AAPL
2024-08-08,211.47,212.56,207.23,211.67,47161100,0.2761,,2026-04-29 18:31:18.793436,20260429_183118,AAPL
2024-08-09,210.47,215.12,210.34,214.58,42201600,0.2767,,2026-04-29 18:31:18.793436,20260429_183118,AAPL
2024-08-12,214.66,218.08,214.19,216.11,38028100,0.2696,,2026-04-29 18:31:18.793436,20260429_183118,AAPL
2024-08-13,217.58,220.44,217.58,219.83,44155300,0.279,,2026-04-29 18:31:18.793436,20260429_183118,AAPL
2024-08-14,219.13,221.57,218.27,220.27,41960600,0.2661,,2026-04-29 18:31:18.793436,20260429_183118,AAPL
2024-08-15,223.13,223.88,221.31,223.25,46414000,0.261,,2026-04-29 18:31:18.793436,20260429_183118,AAPL
2024-08-16,222.46,225.35,222.19,224.57,44340200,0.2618,,2026-04-29 18:31:18.793436,20260429_183118,AAPL
2024-08-19,224.25,224.52,221.58,224.42,40687800,0.2617,,2026-04-29 18:31:18.793436,20260429_183118,AAPL
2024-08-20,224.3,225.69,223.98,225.03,30299000,0.2614,,2026-04-29 18:31:18.793436,20260429_183118,AAPL
2024-08-21,225.04,226.49,223.58,224.92,34765500,0.2371,,2026-04-29 18:31:18.793436,20260429_183118,AAPL
2024-08-22,226.3,226.85,222.44,223.06,43695300,0.2387,,2026-04-29 18:31:18.793436,20260429_183118,AAPL
2024-08-23,224.19,226.73,222.87,225.36,38677300,0.2406,,2026-04-29 18:31:18.793436,20260429_183118,AAPL
2024-08-26,225.28,225.8,222.43,225.7,30602200,0.2406,,2026-04-29 18:31:18.793436,20260429_183118,AAPL
2024-08-27,224.53,227.36,223.42,226.54,35934600,0.2407,,2026-04-29 18:31:18.793436,20260429_183118,AAPL
2024-08-28,226.43,228.36,224.21,225.01,38052200,0.2377,,2026-04-29 18:31:18.793436,20260429_183118,AAPL
2024-08-29,228.6,231.4,227.39,228.29,51906300,0.2323,,2026-04-29 18:31:18.793436,20260429_183118,AAPL
2024-08-30,228.69,228.9,226.0,227.51,52990800,0.2327,,2026-04-29 18:31:18.793436,20260429_183118,AAPL
2024-09-03,227.06,227.51,219.73,221.32,50190600,0.1744,,2026-04-29 18:31:18.793436,20260429_183118,AAPL
2024-09-04,220.21,220.33,216.06,219.41,43840200,0.1733,,2026-04-29 18:31:18.793436,20260429_183118,AAPL
2024-09-05,220.18,224.01,220.07,220.93,36615400,0.1705,,2026-04-29 18:31:18.793436,20260429_183118,AAPL
2024-09-06,222.49,223.77,218.34,219.38,48423000,0.1661,,2026-04-29 18:31:18.793436,20260429_183118,AAPL
2024-09-09,219.38,219.83,215.3,219.47,67180000,0.1601,,2026-04-29 18:31:18.793436,20260429_183118,AAPL
2024-09-10,217.49,220.03,215.32,218.67,51591000,0.1593,,2026-04-29 18:31:18.793436,20260429_183118,AAPL
2024-09-11,220.01,221.63,216.47,221.21,44587100,0.1529,,2026-04-29 18:31:18.793436,20260429_183118,AAPL
2024-09-12,221.05,222.09,218.39,221.32,37455600,0.1527,,2026-04-29 18:31:18.793436,20260429_183118,AAPL
2024-09-13,222.12,222.58,220.46,221.05,36766600,0.1446,,2026-04-29 18:31:18.793436,20260429_183118,AAPL
2024-09-16,215.13,215.8,212.52,214.91,59357400,0.1725,,2026-04-29 18:31:18.793436,20260429_183118,AAPL
2024-09-17,214.34,215.48,213.1,215.38,45519300,0.1731,,2026-04-29 18:31:18.793436,20260429_183118,AAPL
2024-09-18,216.13,221.26,216.12,219.25,59894900,0.1864,,2026-04-29 18:31:18.793436,20260429_183118,AAPL
2024-09-19,223.52,228.32,223.16,227.38,66781300,0.2295,,2026-04-29 18:31:18.793436,20260429_183118,AAPL
2024-09-20,228.47,231.57,226.13,226.71,318679900,0.2276,,2026-04-29 18:31:18.793436,20260429_183118,AAPL
2024-09-23,225.86,227.95,224.34,224.99,54146000,0.2266,,2026-04-29 18:31:18.793436,20260429_183118,AAPL
2024-09-24,227.16,227.85,224.26,225.89,43556100,0.227,,2026-04-29 18:31:18.793436,20260429_183118,AAPL
2024-09-25,223.46,225.81,222.56,224.89,42308700,0.2271,,2026-04-29 18:31:18.793436,20260429_183118,AAPL
2024-09-26,225.82,227.01,223.94,226.04,36636700,0.2265,,2026-04-29 18:31:18.793436,20260429_183118,AAPL
2024-09-27,226.97,228.02,225.82,226.3,34026000,0.2203,,2026-04-29 18:31:18.793436,20260429_183118,AAPL
2024-09-30,228.54,231.48,228.15,231.48,54541900,0.2345,,2026-04-29 18:31:18.793436,20260429_183118,AAPL
2024-10-01,228.02,228.15,222.28,224.73,63285000,0.2378,,2026-04-29 18:31:18.793436,20260429_183118,AAPL
2024-10-02,224.42,225.89,221.56,225.3,32880600,0.2352,,2026-04-29 18:31:18.793436,20260429_183118,AAPL
2024-10-03,223.67,225.33,221.86,224.2,34044200,0.2352,,2026-04-29 18:31:18.793436,20260429_183118,AAPL
2024-10-04,226.41,226.51,222.67,225.32,37245100,0.2338,,2026-04-29 18:31:18.793436,20260429_183118,AAPL
2024-10-07,223.03,224.22,219.89,220.24,39505400,0.2491,,2026-04-29 18:31:18.793436,20260429_183118,AAPL
2024-10-08,222.84,224.51,221.79,224.3,31855700,0.2566,,2026-04-29 18:31:18.793436,20260429_183118,AAPL
2024-10-09,223.76,228.25,223.36,228.04,33591100,0.2599,,2026-04-29 18:31:18.793436,20260429_183118,AAPL
2024-10-10,226.29,228.0,225.69,227.55,28183500,0.2602,,2026-04-29 18:31:18.793436,20260429_183118,AAPL
2024-10-11,227.8,227.91,225.86,226.07,31759200,0.2616,,2026-04-29 18:31:18.793436,20260429_183118,AAPL
2024-10-14,227.21,230.22,227.11,229.79,39882100,0.2425,,2026-04-29 18:31:18.793436,20260429_183118,AAPL
2024-10-15,232.09,235.94,230.85,232.32,64751400,0.2439,,2026-04-29 18:31:18.793436,20260429_183118,AAPL
2024-10-16,230.09,230.61,228.34,230.27,34082200,0.242,,2026-04-29 18:31:18.793436,20260429_183118,AAPL
2024-10-17,231.91,232.32,229.02,230.63,32993800,0.2061,,2026-04-29 18:31:18.793436,20260429_183118,AAPL
2024-10-18,234.64,234.64,232.48,233.47,46431500,0.2095,,2026-04-29 18:31:18.793436,20260429_183118,AAPL
2024-10-21,232.92,235.3,232.92,234.94,36254500,0.2073,,2026-04-29 18:31:18.793436,20260429_183118,AAPL
2024-10-22,232.36,234.68,231.08,234.32,38846600,0.2079,,2026-04-29 18:31:18.793436,20260429_183118,AAPL
2024-10-23,232.55,233.61,226.27,229.25,52287000,0.2235,,2026-04-29 18:31:18.793436,20260429_183118,AAPL
2024-10-24,228.48,229.31,226.92,229.07,31109500,0.223,,2026-04-29 18:31:18.793436,20260429_183118,AAPL
2024-10-25,228.24,231.7,228.07,229.9,38802300,0.2233,,2026-04-29 18:31:18.793436,20260429_183118,AAPL
2024-10-28,231.8,233.2,231.03,231.88,36087100,0.2102,,2026-04-29 18:31:18.793436,20260429_183118,AAPL
2024-10-29,231.58,232.8,230.8,232.15,35417200,0.1787,,2026-04-29 18:31:18.793436,20260429_183118,AAPL
2024-10-30,231.09,231.95,228.05,228.6,47070900,0.1885,,2026-04-29 18:31:18.793436,20260429_183118,AAPL
2024-10-31,227.84,228.33,223.9,224.44,64370100,0.1996,,2026-04-29 18:31:18.793436,20260429_183118,AAPL
2024-11-01,219.53,223.88,218.83,221.46,65276700,0.2042,,2026-04-29 18:31:18.793436,20260429_183118,AAPL
2024-11-04,219.55,221.34,218.28,220.56,44944500,0.1876,,2026-04-29 18:31:18.793436,20260429_183118,AAPL
2024-11-05,220.35,222.49,219.7,221.99,28111300,0.1769,,2026-04-29 18:31:18.793436,20260429_183118,AAPL
2024-11-06,221.16,224.59,219.75,221.27,54561100,0.1651,,2026-04-29 18:31:18.793436,20260429_183118,AAPL
2024-11-07,223.16,226.39,223.1,226.0,42137700,0.1836,,2026-04-29 18:31:18.793436,20260429_183118,AAPL
2024-11-08,225.94,227.42,225.18,225.73,38328800,0.1821,,2026-04-29 18:31:18.793436,20260429_183118,AAPL
2024-11-11,223.78,224.47,220.3,223.01,42005600,0.176,,2026-04-29 18:31:18.793436,20260429_183118,AAPL
2024-11-12,223.33,224.36,222.15,223.01,40398300,0.1699,,2026-04-29 18:31:18.793436,20260429_183118,AAPL
2024-11-13,222.79,225.42,221.55,223.9,48566200,0.1692,,2026-04-29 18:31:18.793436,20260429_183118,AAPL
2024-11-14,223.8,227.63,223.78,226.98,44923900,0.1773,,2026-04-29 18:31:18.793436,20260429_183118,AAPL
2024-11-15,225.17,225.69,223.05,223.78,47923700,0.1764,,2026-04-29 18:31:18.793436,20260429_183118,AAPL
2024-11-18,224.03,228.49,223.95,226.78,44633700,0.1825,,2026-04-29 18:31:18.793436,20260429_183118,AAPL
2024-11-19,225.75,228.91,225.43,227.04,36211800,0.1827,,2026-04-29 18:31:18.793436,20260429_183118,AAPL
2024-11-20,226.82,228.68,224.66,227.76,35169600,0.1668,,2026-04-29 18:31:18.793436,20260429_183118,AAPL
2024-11-21,227.64,228.91,224.48,227.28,42108300,0.1669,,2026-04-29 18:31:18.793436,20260429_183118,AAPL
2024-11-22,226.82,229.47,226.82,228.62,38168300,0.1678,,2026-04-29 18:31:18.793436,20260429_183118,AAPL
2024-11-25,230.2,231.98,228.49,231.6,90152800,0.1716,,2026-04-29 18:31:18.793436,20260429_183118,AAPL
2024-11-26,232.06,234.29,232.06,233.78,45986200,0.1748,,2026-04-29 18:31:18.793436,20260429_183118,AAPL
2024-11-27,233.2,234.41,232.54,233.65,33498400,0.1647,,2026-04-29 18:31:18.793436,20260429_183118,AAPL
2024-11-29,233.53,236.52,232.7,236.04,28481400,0.1505,,2026-04-29 18:31:18.793436,20260429_183118,AAPL
2024-12-02,235.98,239.48,235.87,238.29,48137100,0.14,,2026-04-29 18:31:18.793436,20260429_183118,AAPL
2024-12-03,238.51,241.44,237.6,241.33,38861000,0.1404,,2026-04-29 18:31:18.793436,20260429_183118,AAPL
2024-12-04,241.55,242.78,239.94,241.69,44383900,0.1406,,2026-04-29 18:31:18.793436,20260429_183118,AAPL
2024-12-05,242.66,243.21,240.81,241.72,40033900,0.1387,,2026-04-29 18:31:18.793436,20260429_183118,AAPL
2024-12-06,241.59,243.3,240.76,241.52,36870600,0.1247,,2026-04-29 18:31:18.793436,20260429_183118,AAPL
2024-12-09,240.52,245.9,240.44,245.41,44649200,0.1312,,2026-04-29 18:31:18.793436,20260429_183118,AAPL
2024-12-10,245.55,246.86,244.01,246.42,36914800,0.1163,,2026-04-29 18:31:18.793436,20260429_183118,AAPL
2024-12-11,246.61,249.44,244.92,245.15,45205800,0.1206,,2026-04-29 18:31:18.793436,20260429_183118,AAPL
2024-12-12,245.55,247.39,244.35,246.61,32777500,0.1207,,2026-04-29 18:31:18.793436,20260429_183118,AAPL
2024-12-13,246.47,247.94,244.9,246.78,33155300,0.1168,,2026-04-29 18:31:18.793436,20260429_183118,AAPL
2024-12-16,246.64,250.01,246.3,249.68,51694800,0.0972,,2026-04-29 18:31:18.793436,20260429_183118,AAPL
2024-12-17,248.72,252.45,248.42,252.1,51356400,0.0941,,2026-04-29 18:31:18.793436,20260429_183118,AAPL
2024-12-18,250.79,252.9,246.39,246.7,56774100,0.1338,,2026-04-29 18:31:18.793436,20260429_183118,AAPL
2024-12-19,246.16,250.63,245.75,248.43,60882300,0.1341,,2026-04-29 18:31:18.793436,20260429_183118,AAPL
2024-12-20,246.69,253.61,244.36,253.11,147495300,0.141,,2026-04-29 18:31:18.793436,20260429_183118,AAPL
2024-12-23,253.39,254.26,252.07,253.88,40858800,0.1412,,2026-04-29 18:31:18.793436,20260429_183118,AAPL
2024-12-24,254.1,256.81,253.9,256.8,23234700,0.1402,,2026-04-29 18:31:18.793436,20260429_183118,AAPL
2024-12-26,256.79,258.69,256.23,257.61,27237100,0.1394,,2026-04-29 18:31:18.793436,20260429_183118,AAPL
2024-12-27,256.43,257.29,251.69,254.2,42355300,0.1527,,2026-04-29 18:31:18.793436,20260429_183118,AAPL
2024-12-30,250.86,252.12,249.39,250.83,35557500,0.163,,2026-04-29 18:31:18.793436,20260429_183118,AAPL
2024-12-31,251.07,251.9,248.07,249.06,39480700,0.165,,2026-04-29 18:31:18.793436,20260429_183118,AAPL
2025-01-02,247.58,247.75,240.51,242.53,55740700,0.189,,2026-04-29 18:31:18.793436,20260429_183118,AAPL
2025-01-03,242.04,242.85,240.58,242.04,40244100,0.1891,,2026-04-29 18:31:18.793436,20260429_183118,AAPL
2025-01-06,242.98,245.99,241.88,243.67,45045600,0.1906,,2026-04-29 18:31:18.793436,20260429_183118,AAPL
2025-01-07,241.66,244.22,240.04,240.89,40856000,0.1952,,2026-04-29 18:31:18.793436,20260429_183118,AAPL
2025-01-08,240.61,242.39,238.75,241.38,37628900,0.186,,2026-04-29 18:31:18.793436,20260429_183118,AAPL
2025-01-10,238.71,238.86,231.73,235.56,61710900,0.2027,,2026-04-29 18:31:18.793436,20260429_183118,AAPL
2025-01-13,232.26,233.4,228.47,233.13,49630700,0.2045,,2026-04-29 18:31:18.793436,20260429_183118,AAPL
2025-01-14,233.47,234.84,231.21,232.01,39435300,0.2022,,2026-04-29 18:31:18.793436,20260429_183118,AAPL
2025-01-15,233.37,237.66,233.16,236.58,39832000,0.2173,,2026-04-29 18:31:18.793436,20260429_183118,AAPL
2025-01-16,236.06,236.72,226.79,227.02,71759100,0.2513,,2026-04-29 18:31:18.793436,20260429_183118,AAPL
2025-01-17,230.86,231.03,227.24,228.73,68488300,0.2497,,2026-04-29 18:31:18.793436,20260429_183118,AAPL
2025-01-21,222.78,223.2,218.19,221.43,98070400,0.262,,2026-04-29 18:31:18.793436,20260429_183118,AAPL
2025-01-22,218.6,222.9,218.6,222.61,64126500,0.261,,2026-04-29 18:31:18.793436,20260429_183118,AAPL
2025-01-23,223.52,225.8,221.09,222.44,60234800,0.2459,,2026-04-29 18:31:18.793436,20260429_183118,AAPL
2025-01-24,223.56,224.4,220.21,221.57,54697900,0.2435,,2026-04-29 18:31:18.793436,20260429_183118,AAPL
2025-01-27,222.8,230.89,222.76,228.61,94863400,0.2718,,2026-04-29 18:31:18.793436,20260429_183118,AAPL
2025-01-28,229.6,238.89,229.56,236.97,75707600,0.3085,,2026-04-29 18:31:18.793436,20260429_183118,AAPL
2025-01-29,232.85,238.56,232.74,238.06,45486100,0.308,,2026-04-29 18:31:18.793436,20260429_183118,AAPL
2025-01-30,237.37,239.48,235.92,236.3,55658300,0.3061,,2026-04-29 18:31:18.793436,20260429_183118,AAPL
2025-01-31,245.85,245.85,232.17,234.72,100959800,0.3061,,2026-04-29 18:31:18.793436,20260429_183118,AAPL
2025-02-03,228.74,230.57,224.47,226.77,73063300,0.3153,,2026-04-29 18:31:18.793436,20260429_183118,AAPL
2025-02-04,226.02,231.86,225.42,231.54,45067300,0.3267,,2026-04-29 18:31:18.793436,20260429_183118,AAPL
2025-02-05,227.29,231.41,227.03,231.21,39620300,0.325,,2026-04-29 18:31:18.793436,20260429_183118,AAPL
2025-02-06,230.03,232.53,229.18,231.95,29925300,0.3239,,2026-04-29 18:31:18.793436,20260429_183118,AAPL
2025-02-07,231.34,232.73,226.03,226.39,39707200,0.333,,2026-04-29 18:31:18.793436,20260429_183118,AAPL
2025-02-10,228.57,229.59,226.21,226.66,33115600,0.3237,,2026-04-29 18:31:18.793436,20260429_183118,AAPL
2025-02-11,227.21,234.21,227.14,231.61,53718400,0.3324,,2026-04-29 18:31:18.793436,20260429_183118,AAPL
2025-02-12,230.2,235.93,229.68,235.84,45243300,0.3382,,2026-04-29 18:31:18.793436,20260429_183118,AAPL
2025-02-13,235.88,241.29,234.55,240.48,53614100,0.3382,,2026-04-29 18:31:18.793436,20260429_183118,AAPL
2025-02-14,240.2,244.48,239.94,243.54,40896200,0.3014,,2026-04-29 18:31:18.793436,20260429_183118,AAPL
2025-02-18,243.09,244.12,240.79,243.41,48822500,0.3013,,2026-04-29 18:31:18.793436,20260429_183118,AAPL
2025-02-19,243.6,244.94,242.1,243.81,32204200,0.2707,,2026-04-29 18:31:18.793436,20260429_183118,AAPL
2025-02-20,243.88,245.71,243.23,244.76,32316900,0.2708,,2026-04-29 18:31:18.793436,20260429_183118,AAPL
2025-02-21,244.88,247.61,244.16,244.48,53197400,0.2709,,2026-04-29 18:31:18.793436,20260429_183118,AAPL
2025-02-24,243.87,247.78,243.36,246.03,51326400,0.2689,,2026-04-29 18:31:18.793436,20260429_183118,AAPL
2025-02-25,246.92,248.92,243.85,245.97,48013300,0.2511,,2026-04-29 18:31:18.793436,20260429_183118,AAPL
2025-02-26,243.27,243.92,238.09,239.32,44433600,0.2438,,2026-04-29 18:31:18.793436,20260429_183118,AAPL
2025-02-27,238.37,241.41,236.03,236.27,41153600,0.2477,,2026-04-29 18:31:18.793436,20260429_183118,AAPL
2025-02-28,235.92,241.04,229.2,240.79,56833400,0.2553,,2026-04-29 18:31:18.793436,20260429_183118,AAPL
2025-03-03,240.74,242.97,235.09,237.0,47184000,0.261,,2026-04-29 18:31:18.793436,20260429_183118,AAPL
2025-03-04,236.68,239.03,233.66,234.91,53798100,0.2295,,2026-04-29 18:31:18.793436,20260429_183118,AAPL
2025-03-05,234.4,235.52,228.24,234.72,47227600,0.2183,,2026-04-29 18:31:18.793436,20260429_183118,AAPL
2025-03-06,233.42,236.83,232.15,234.31,45170400,0.2183,,2026-04-29 18:31:18.793436,20260429_183118,AAPL
2025-03-07,234.09,240.32,233.74,238.03,46273600,0.2247,,2026-04-29 18:31:18.793436,20260429_183118,AAPL
2025-03-10,234.52,235.14,223.25,226.49,72071200,0.2755,,2026-04-29 18:31:18.793436,20260429_183118,AAPL
2025-03-11,222.84,224.86,216.51,219.88,76137400,0.2948,,2026-04-29 18:31:18.793436,20260429_183118,AAPL
2025-03-12,219.18,220.79,213.98,216.04,62547500,0.2868,,2026-04-29 18:31:18.793436,20260429_183118,AAPL
2025-03-13,215.01,215.9,207.52,208.77,61368300,0.2946,,2026-04-29 18:31:18.793436,20260429_183118,AAPL
2025-03-14,210.33,213.02,208.67,212.56,60107600,0.2929,,2026-04-29 18:31:18.793436,20260429_183118,AAPL
2025-03-17,212.38,214.29,209.06,213.07,48073400,0.2864,,2026-04-29 18:31:18.793436,20260429_183118,AAPL
2025-03-18,213.23,214.22,210.57,211.77,42432400,0.2855,,2026-04-29 18:31:18.793436,20260429_183118,AAPL
2025-03-19,213.29,217.81,212.82,214.31,54385400,0.2918,,2026-04-29 18:31:18.793436,20260429_183118,AAPL
2025-03-20,213.06,216.55,211.3,213.17,48862900,0.2893,,2026-04-29 18:31:18.793436,20260429_183118,AAPL
2025-03-21,210.64,217.89,210.36,217.32,94127800,0.3035,,2026-04-29 18:31:18.793436,20260429_183118,AAPL
2025-03-24,220.04,220.52,217.63,219.77,44299500,0.3066,,2026-04-29 18:31:18.793436,20260429_183118,AAPL
2025-03-25,219.81,223.13,219.12,222.78,34493600,0.3136,,2026-04-29 18:31:18.793436,20260429_183118,AAPL
2025-03-26,222.54,224.04,219.51,220.57,34466100,0.303,,2026-04-29 18:31:18.793436,20260429_183118,AAPL
2025-03-27,220.43,224.01,219.6,222.88,37094800,0.3053,,2026-04-29 18:31:18.793436,20260429_183118,AAPL
2025-03-28,220.71,222.84,216.74,216.95,39818600,0.3052,,2026-04-29 18:31:18.793436,20260429_183118,AAPL
2025-03-31,216.07,224.64,215.29,221.17,65299300,0.3142,,2026-04-29 18:31:18.793436,20260429_183118,AAPL
2025-04-01,218.86,222.71,217.95,222.22,36412700,0.3148,,2026-04-29 18:31:18.793436,20260429_183118,AAPL
2025-04-02,220.36,224.21,220.06,222.92,35905900,0.3155,,2026-04-29 18:31:18.793436,20260429_183118,AAPL
2025-04-03,204.65,206.59,200.38,202.31,103419000,0.4602,,2026-04-29 18:31:18.793436,20260429_183118,AAPL
2025-04-04,193.05,199.01,186.53,187.56,125910900,0.511,,2026-04-29 18:31:18.793436,20260429_183118,AAPL
2025-04-07,176.43,193.31,173.86,180.67,160466300,0.5007,,2026-04-29 18:31:18.793436,20260429_183118,AAPL
2025-04-08,185.89,189.51,168.48,171.67,120859500,0.5167,,2026-04-29 18:31:18.793436,20260429_183118,AAPL
2025-04-09,171.2,199.74,171.14,197.99,184395900,0.7538,,2026-04-29 18:31:18.793436,20260429_183118,AAPL
2025-04-10,188.25,193.93,182.21,189.59,121880000,0.7592,,2026-04-29 18:31:18.793436,20260429_183118,AAPL
2025-04-11,185.29,198.67,185.25,197.29,87435900,0.7717,,2026-04-29 18:31:18.793436,20260429_183118,AAPL
2025-04-14,210.52,212.02,200.29,201.64,101352900,0.7768,,2026-04-29 18:31:18.793436,20260429_183118,AAPL
2025-04-15,200.98,202.63,198.93,201.26,51343900,0.7767,,2026-04-29 18:31:18.793436,20260429_183118,AAPL
2025-04-16,197.5,199.83,191.54,193.43,59732400,0.7856,,2026-04-29 18:31:18.793436,20260429_183118,AAPL
2025-04-17,196.34,197.97,193.58,196.13,52164700,0.7884,,2026-04-29 18:31:18.793436,20260429_183118,AAPL
2025-04-21,192.43,192.96,188.99,192.32,46742500,0.7852,,2026-04-29 18:31:18.793436,20260429_183118,AAPL
2025-04-22,195.27,200.72,195.12,198.87,52976400,0.7956,,2026-04-29 18:31:18.793436,20260429_183118,AAPL
2025-04-23,205.11,207.1,201.92,203.71,52929200,0.7997,,2026-04-29 18:31:18.793436,20260429_183118,AAPL
2025-04-24,204.0,207.92,202.06,207.47,47311000,0.8034,,2026-04-29 18:31:18.793436,20260429_183118,AAPL
2025-04-25,205.47,208.84,205.31,208.37,38222300,0.8023,,2026-04-29 18:31:18.793436,20260429_183118,AAPL
2025-04-28,209.09,210.58,206.56,209.23,38743100,0.7978,,2026-04-29 18:31:18.793436,20260429_183118,AAPL
2025-04-29,207.78,211.32,207.47,210.29,36827600,0.7944,,2026-04-29 18:31:18.793436,20260429_183118,AAPL
2025-04-30,208.39,212.65,205.77,211.58,52286500,0.7946,,2026-04-29 18:31:18.793436,20260429_183118,AAPL
2025-05-01,208.17,213.63,207.99,212.39,57365700,0.7947,,2026-04-29 18:31:18.793436,20260429_183118,AAPL
2025-05-02,205.2,206.09,201.28,204.46,101010600,0.7262,0.3244,2026-04-29 18:31:18.793436,20260429_183118,AAPL
2025-05-05,202.22,203.21,197.35,198.03,69018500,0.6805,0.326,2026-04-29 18:31:18.793436,20260429_183118,AAPL
2025-05-06,197.35,199.78,196.17,197.65,51216500,0.6642,0.3253,2026-04-29 18:31:18.793436,20260429_183118,AAPL
2025-05-07,198.31,198.57,192.41,195.4,68536700,0.6344,0.3204,2026-04-29 18:31:18.793436,20260429_183118,AAPL
2025-05-08,196.86,199.18,193.84,196.63,50478900,0.3799,0.3203,2026-04-29 18:31:18.793436,20260429_183118,AAPL
2025-05-09,198.14,199.67,196.68,197.67,36453900,0.3445,0.3203,2026-04-29 18:31:18.793436,20260429_183118,AAPL
2025-05-12,210.33,210.63,206.12,210.15,63775800,0.382,0.3261,2026-04-29 18:31:18.793436,20260429_183118,AAPL
2025-05-13,209.79,212.75,208.37,212.28,51909300,0.3766,0.3261,2026-04-29 18:31:18.793436,20260429_183118,AAPL
2025-05-14,211.79,213.29,209.94,211.69,49325800,0.3768,0.326,2026-04-29 18:31:18.793436,20260429_183118,AAPL
2025-05-15,210.31,212.31,208.9,210.81,45029500,0.3436,0.3256,2026-04-29 18:31:18.793436,20260429_183118,AAPL
2025-05-16,211.72,211.93,209.13,210.62,54737900,0.3422,0.3255,2026-04-29 18:31:18.793436,20260429_183118,AAPL
2025-05-19,207.28,208.84,203.64,208.15,46140500,0.3363,0.3256,2026-04-29 18:31:18.793436,20260429_183118,AAPL
2025-05-20,207.04,207.84,204.41,206.23,42496600,0.3203,0.3257,2026-04-29 18:31:18.793436,20260429_183118,AAPL
2025-05-21,204.55,206.41,200.1,201.48,59211800,0.3208,0.3266,2026-04-29 18:31:18.793436,20260429_183118,AAPL
2025-05-22,200.1,202.13,199.09,200.75,46742400,0.3131,0.3265,2026-04-29 18:31:18.793436,20260429_183118,AAPL
2025-05-23,193.08,197.1,192.87,194.68,78432900,0.3286,0.3279,2026-04-29 18:31:18.793436,20260429_183118,AAPL
2025-05-27,197.7,200.13,196.83,199.6,56288500,0.3429,0.3288,2026-04-29 18:31:18.793436,20260429_183118,AAPL
2025-05-28,199.98,202.11,199.29,199.81,45339700,0.3421,0.3281,2026-04-29 18:31:18.793436,20260429_183118,AAPL
2025-05-29,202.96,203.19,197.91,199.34,51396800,0.3406,0.3277,2026-04-29 18:31:18.793436,20260429_183118,AAPL
2025-05-30,198.77,201.35,196.18,200.24,70819900,0.3407,0.3277,2026-04-29 18:31:18.793436,20260429_183118,AAPL
2025-06-02,199.67,201.52,199.51,201.09,35423300,0.315,0.3277,2026-04-29 18:31:18.793436,20260429_183118,AAPL
2025-06-03,200.74,203.15,200.35,202.65,46381600,0.2938,0.3278,2026-04-29 18:31:18.793436,20260429_183118,AAPL
2025-06-04,202.29,205.61,201.49,202.2,43604000,0.2938,0.3277,2026-04-29 18:31:18.793436,20260429_183118,AAPL
2025-06-05,202.88,204.13,199.54,200.02,55126100,0.2935,0.3278,2026-04-29 18:31:18.793436,20260429_183118,AAPL
2025-06-06,202.38,205.08,201.44,203.3,46607700,0.2979,0.3282,2026-04-29 18:31:18.793436,20260429_183118,AAPL
2025-06-09,203.77,205.38,199.41,200.84,72862600,0.3015,0.3283,2026-04-29 18:31:18.793436,20260429_183118,AAPL
2025-06-10,199.99,203.73,199.96,202.06,54672600,0.202,0.3283,2026-04-29 18:31:18.793436,20260429_183118,AAPL
2025-06-11,202.88,203.88,197.81,198.18,60989900,0.2057,0.3287,2026-04-29 18:31:18.793436,20260429_183118,AAPL
2025-06-12,198.48,199.07,196.76,198.6,43904600,0.2067,0.3281,2026-04-29 18:31:18.793436,20260429_183118,AAPL
2025-06-13,199.12,199.76,195.11,195.85,51447300,0.2102,0.3208,2026-04-29 18:31:18.793436,20260429_183118,AAPL
2025-06-16,196.7,198.09,195.96,197.82,43020700,0.2155,0.3197,2026-04-29 18:31:18.793436,20260429_183118,AAPL
2025-06-17,196.6,197.79,194.62,195.05,38856200,0.2169,0.3199,2026-04-29 18:31:18.793436,20260429_183118,AAPL
2025-06-18,195.35,196.97,194.48,195.98,45394700,0.2175,0.3199,2026-04-29 18:31:18.793436,20260429_183118,AAPL
2025-06-20,197.64,201.09,196.26,200.39,96813500,0.2199,0.3201,2026-04-29 18:31:18.793436,20260429_183118,AAPL
2025-06-23,201.02,201.69,198.36,200.89,55814300,0.2197,0.3199,2026-04-29 18:31:18.793436,20260429_183118,AAPL
2025-06-24,201.98,202.82,199.59,199.69,54064000,0.1892,0.3192,2026-04-29 18:31:18.793436,20260429_183118,AAPL
2025-06-25,200.84,203.05,200.01,200.95,39525700,0.1687,0.3191,2026-04-29 18:31:18.793436,20260429_183118,AAPL
2025-06-26,200.82,202.03,198.85,200.39,50799100,0.169,0.3191,2026-04-29 18:31:18.793436,20260429_183118,AAPL
2025-06-27,201.28,202.6,199.39,200.47,73188600,0.1688,0.3191,2026-04-29 18:31:18.793436,20260429_183118,AAPL
2025-06-30,201.4,206.76,198.66,204.55,91912800,0.1825,0.3191,2026-04-29 18:31:18.793436,20260429_183118,AAPL
2025-07-01,206.04,209.55,205.51,207.19,78788900,0.187,0.3193,2026-04-29 18:31:18.793436,20260429_183118,AAPL
2025-07-02,208.28,212.69,207.51,211.8,67941800,0.1997,0.3197,2026-04-29 18:31:18.793436,20260429_183118,AAPL
2025-07-03,211.51,214.0,211.17,212.9,34955800,0.1993,0.3184,2026-04-29 18:31:18.793436,20260429_183118,AAPL
2025-07-07,212.03,215.57,208.17,209.31,50229000,0.2058,0.3184,2026-04-29 18:31:18.793436,20260429_183118,AAPL
2025-07-08,209.46,210.79,207.82,209.37,42848900,0.1991,0.3184,2026-04-29 18:31:18.793436,20260429_183118,AAPL
2025-07-09,208.89,210.69,206.59,210.5,48749400,0.1928,0.3177,2026-04-29 18:31:18.793436,20260429_183118,AAPL
2025-07-10,209.87,212.83,209.39,211.77,44443600,0.1928,0.3177,2026-04-29 18:31:18.793436,20260429_183118,AAPL
2025-07-11,209.93,211.49,209.22,210.52,39765800,0.178,0.3177,2026-04-29 18:31:18.793436,20260429_183118,AAPL
2025-07-14,209.29,210.27,206.91,207.99,38840100,0.186,0.3174,2026-04-29 18:31:18.793436,20260429_183118,AAPL
2025-07-15,208.59,211.25,208.29,208.48,42296300,0.1759,0.3165,2026-04-29 18:31:18.793436,20260429_183118,AAPL
2025-07-16,209.66,211.76,208.01,209.52,47490500,0.1742,0.3163,2026-04-29 18:31:18.793436,20260429_183118,AAPL
2025-07-17,209.93,211.16,208.95,209.38,48068100,0.1629,0.3158,2026-04-29 18:31:18.793436,20260429_183118,AAPL
2025-07-18,210.23,211.15,209.06,210.54,48974600,0.163,0.3159,2026-04-29 18:31:18.793436,20260429_183118,AAPL
2025-07-21,211.46,215.13,210.99,211.84,51377400,0.1479,0.3149,2026-04-29 18:31:18.793436,20260429_183118,AAPL
2025-07-22,212.49,214.3,211.59,213.75,46404100,0.1496,0.3144,2026-04-29 18:31:18.793436,20260429_183118,AAPL
2025-07-23,214.35,214.5,211.77,213.5,46989300,0.1466,0.3144,2026-04-29 18:31:18.793436,20260429_183118,AAPL
2025-07-24,213.25,215.04,212.88,213.11,46022600,0.1473,0.3144,2026-04-29 18:31:18.793436,20260429_183118,AAPL
2025-07-25,214.05,214.59,212.75,213.23,40268800,0.146,0.3144,2026-04-29 18:31:18.793436,20260429_183118,AAPL
2025-07-28,213.38,214.2,212.41,213.4,37858000,0.146,0.313,2026-04-29 18:31:18.793436,20260429_183118,AAPL
2025-07-29,213.53,214.16,210.18,210.63,51411700,0.1422,0.3132,2026-04-29 18:31:18.793436,20260429_183118,AAPL
2025-07-30,211.26,211.75,207.09,208.42,45512500,0.1416,0.3134,2026-04-29 18:31:18.793436,20260429_183118,AAPL
2025-07-31,207.86,209.2,206.53,206.94,80698400,0.1182,0.3135,2026-04-29 18:31:18.793436,20260429_183118,AAPL
2025-08-01,210.23,212.93,200.89,201.77,104434500,0.1434,0.3145,2026-04-29 18:31:18.793436,20260429_183118,AAPL
2025-08-04,203.89,207.25,201.07,202.73,75109300,0.1352,0.3142,2026-04-29 18:31:18.793436,20260429_183118,AAPL
2025-08-05,202.78,204.72,201.55,202.3,44155100,0.135,0.3137,2026-04-29 18:31:18.793436,20260429_183118,AAPL
2025-08-06,205.01,214.73,204.97,212.6,108483100,0.2264,0.3176,2026-04-29 18:31:18.793436,20260429_183118,AAPL
2025-08-07,218.22,220.18,215.92,219.36,90224800,0.251,0.3153,2026-04-29 18:31:18.793436,20260429_183118,AAPL
2025-08-08,220.16,230.3,218.58,228.65,113854000,0.2858,0.3178,2026-04-29 18:31:18.793436,20260429_183118,AAPL
2025-08-11,227.49,229.12,224.33,226.75,61806100,0.2833,0.3177,2026-04-29 18:31:18.793436,20260429_183118,AAPL
2025-08-12,227.58,230.36,226.64,229.21,55626200,0.2841,0.3174,2026-04-29 18:31:18.793436,20260429_183118,AAPL
2025-08-13,230.63,234.55,229.99,232.89,69878500,0.2868,0.3175,2026-04-29 18:31:18.793436,20260429_183118,AAPL
2025-08-14,233.61,234.67,230.41,232.34,51916300,0.2874,0.3175,2026-04-29 18:31:18.793436,20260429_183118,AAPL
2025-08-15,233.55,233.83,228.9,231.15,56038700,0.2897,0.3171,2026-04-29 18:31:18.793436,20260429_183118,AAPL
2025-08-18,231.26,232.68,229.67,230.45,37476200,0.2909,0.3171,2026-04-29 18:31:18.793436,20260429_183118,AAPL
2025-08-19,230.84,232.43,228.91,230.12,39402600,0.291,0.3168,2026-04-29 18:31:18.793436,20260429_183118,AAPL
2025-08-20,229.54,230.03,225.34,225.58,42263900,0.3025,0.3174,2026-04-29 18:31:18.793436,20260429_183118,AAPL
2025-08-21,225.84,226.09,223.35,224.47,30621200,0.3033,0.3174,2026-04-29 18:31:18.793436,20260429_183118,AAPL
2025-08-22,225.74,228.65,224.98,227.33,42477800,0.3053,0.3177,2026-04-29 18:31:18.793436,20260429_183118,AAPL
2025-08-25,226.05,228.86,225.8,226.73,30983100,0.3059,0.3177,2026-04-29 18:31:18.793436,20260429_183118,AAPL
2025-08-26,226.44,229.05,224.26,228.87,54575100,0.3006,0.3177,2026-04-29 18:31:18.793436,20260429_183118,AAPL
2025-08-27,228.18,230.46,227.83,230.05,31259500,0.2955,0.3176,2026-04-29 18:31:18.793436,20260429_183118,AAPL
2025-08-28,230.38,232.97,228.9,232.12,38074700,0.2923,0.3177,2026-04-29 18:31:18.793436,20260429_183118,AAPL
2025-08-29,232.07,232.94,230.93,231.7,39418400,0.2702,0.3177,2026-04-29 18:31:18.793436,20260429_183118,AAPL
2025-09-02,228.81,230.41,226.54,229.28,44075600,0.2772,0.3178,2026-04-29 18:31:18.793436,20260429_183118,AAPL
2025-09-03,236.76,238.4,233.91,238.02,66427800,0.2963,0.3197,2026-04-29 18:31:18.793436,20260429_183118,AAPL
2025-09-04,238.0,239.44,236.29,239.32,47549400,0.2525,0.3197,2026-04-29 18:31:18.793436,20260429_183118,AAPL
2025-09-05,239.54,240.86,238.04,239.23,54870400,0.2347,0.3185,2026-04-29 18:31:18.793436,20260429_183118,AAPL
2025-09-08,238.84,239.69,235.89,237.43,48999500,0.1925,0.3184,2026-04-29 18:31:18.793436,20260429_183118,AAPL
2025-09-09,236.55,238.33,232.92,233.9,66313900,0.1984,0.3187,2026-04-29 18:31:18.793436,20260429_183118,AAPL
2025-09-10,231.75,231.98,225.52,226.36,83440800,0.2294,0.3204,2026-04-29 18:31:18.793436,20260429_183118,AAPL
2025-09-11,226.45,230.01,226.22,229.59,50208600,0.2278,0.3207,2026-04-29 18:31:18.793436,20260429_183118,AAPL
2025-09-12,228.78,234.06,228.58,233.62,55824200,0.2366,0.3211,2026-04-29 18:31:18.793436,20260429_183118,AAPL
2025-09-15,236.55,237.74,234.58,236.25,42699500,0.2387,0.3211,2026-04-29 18:31:18.793436,20260429_183118,AAPL
2025-09-16,236.73,240.76,235.87,237.7,63421100,0.2388,0.3211,2026-04-29 18:31:18.793436,20260429_183118,AAPL
2025-09-17,238.52,239.64,237.28,238.54,46508000,0.2387,0.3212,2026-04-29 18:31:18.793436,20260429_183118,AAPL
2025-09-18,239.51,240.74,236.2,237.43,44249600,0.226,0.3199,2026-04-29 18:31:18.793436,20260429_183118,AAPL
2025-09-19,240.77,245.83,239.75,245.03,163741300,0.2462,0.3214,2026-04-29 18:31:18.793436,20260429_183118,AAPL
2025-09-22,247.83,256.15,247.65,255.59,105517400,0.2794,0.3237,2026-04-29 18:31:18.793436,20260429_183118,AAPL
2025-09-23,255.39,256.85,253.1,253.95,60275200,0.2813,0.3217,2026-04-29 18:31:18.793436,20260429_183118,AAPL
2025-09-24,254.73,255.25,250.56,251.83,42303700,0.2852,0.3218,2026-04-29 18:31:18.793436,20260429_183118,AAPL
2025-09-25,252.73,256.68,251.23,256.38,55202100,0.289,0.3222,2026-04-29 18:31:18.793436,20260429_183118,AAPL
2025-09-26,253.62,257.11,253.3,254.97,46076300,0.2912,0.3223,2026-04-29 18:31:18.793436,20260429_183118,AAPL
2025-09-29,254.08,254.51,252.53,253.95,40127700,0.292,0.3222,2026-04-29 18:31:18.793436,20260429_183118,AAPL
2025-09-30,254.38,255.43,252.63,254.15,37704300,0.287,0.3222,2026-04-29 18:31:18.793436,20260429_183118,AAPL
2025-10-01,254.55,258.3,254.45,254.96,48713900,0.2605,0.3222,2026-04-29 18:31:18.793436,20260429_183118,AAPL
2025-10-02,256.09,257.69,253.67,256.64,42630200,0.2606,0.3215,2026-04-29 18:31:18.793436,20260429_183118,AAPL
2025-10-03,254.19,258.75,253.47,257.53,49155600,0.2602,0.3201,2026-04-29 18:31:18.793436,20260429_183118,AAPL
2025-10-06,257.5,258.58,254.56,256.2,44664100,0.259,0.3202,2026-04-29 18:31:18.793436,20260429_183118,AAPL
2025-10-07,256.32,256.91,254.94,255.99,31955800,0.2501,0.3201,2026-04-29 18:31:18.793436,20260429_183118,AAPL
2025-10-08,256.03,258.03,255.62,257.57,36496900,0.2076,0.3201,2026-04-29 18:31:18.793436,20260429_183118,AAPL
2025-10-09,257.32,257.51,252.66,253.56,38322000,0.2197,0.3197,2026-04-29 18:31:18.793436,20260429_183118,AAPL
2025-10-10,254.46,255.89,243.54,244.8,61999100,0.2563,0.3212,2026-04-29 18:31:18.793436,20260429_183118,AAPL
2025-10-13,248.91,249.21,245.09,247.19,38142900,0.2557,0.3209,2026-04-29 18:31:18.793436,20260429_183118,AAPL
2025-10-14,246.13,248.38,244.23,247.3,35478000,0.2553,0.3209,2026-04-29 18:31:18.793436,20260429_183118,AAPL
2025-10-15,249.02,251.34,247.0,248.87,33893600,0.2557,0.3209,2026-04-29 18:31:18.793436,20260429_183118,AAPL
2025-10-16,247.78,248.57,244.66,246.98,39777000,0.257,0.3206,2026-04-29 18:31:18.793436,20260429_183118,AAPL
2025-10-17,247.55,252.9,246.8,251.81,49147000,0.2416,0.321,2026-04-29 18:31:18.793436,20260429_183118,AAPL
2025-10-20,255.4,263.88,255.14,261.74,90483000,0.2339,0.3231,2026-04-29 18:31:18.793436,20260429_183118,AAPL
2025-10-21,261.38,264.79,261.33,262.27,46695900,0.2322,0.3231,2026-04-29 18:31:18.793436,20260429_183118,AAPL
2025-10-22,262.15,262.35,254.94,257.96,45015300,0.2386,0.3234,2026-04-29 18:31:18.793436,20260429_183118,AAPL
2025-10-23,259.45,260.12,257.52,259.09,32754900,0.2307,0.3233,2026-04-29 18:31:18.793436,20260429_183118,AAPL
2025-10-24,260.69,263.63,258.69,262.32,38253700,0.2333,0.3235,2026-04-29 18:31:18.793436,20260429_183118,AAPL
2025-10-27,264.38,268.61,264.15,268.3,44888200,0.2439,0.3235,2026-04-29 18:31:18.793436,20260429_183118,AAPL
2025-10-28,268.48,269.38,267.64,268.49,41534800,0.2439,0.3235,2026-04-29 18:31:18.793436,20260429_183118,AAPL
2025-10-29,268.77,270.89,266.6,269.19,51086700,0.2439,0.3235,2026-04-29 18:31:18.793436,20260429_183118,AAPL
2025-10-30,271.47,273.62,267.97,270.88,69886500,0.2438,0.3234,2026-04-29 18:31:18.793436,20260429_183118,AAPL
2025-10-31,276.46,276.79,268.65,269.86,86167100,0.2449,0.3235,2026-04-29 18:31:18.793436,20260429_183118,AAPL
2025-11-03,269.91,270.33,265.74,268.54,50194600,0.2448,0.3231,2026-04-29 18:31:18.793436,20260429_183118,AAPL
2025-11-04,267.82,270.97,267.11,269.53,49274800,0.2445,0.3226,2026-04-29 18:31:18.793436,20260429_183118,AAPL
2025-11-05,268.1,271.18,266.42,269.63,43683100,0.2442,0.3223,2026-04-29 18:31:18.793436,20260429_183118,AAPL
2025-11-06,267.38,272.88,267.38,269.26,51204000,0.2354,0.3222,2026-04-29 18:31:18.793436,20260429_183118,AAPL
2025-11-07,269.29,271.77,266.26,267.96,48227400,0.1906,0.3222,2026-04-29 18:31:18.793436,20260429_183118,AAPL
2025-11-10,268.71,273.47,267.21,269.18,41312400,0.1896,0.3222,2026-04-29 18:31:18.793436,20260429_183118,AAPL
2025-11-11,269.56,275.65,269.55,274.99,46208300,0.1984,0.3222,2026-04-29 18:31:18.793436,20260429_183118,AAPL
2025-11-12,274.74,275.47,271.45,273.21,48398000,0.2027,0.3223,2026-04-29 18:31:18.793436,20260429_183118,AAPL
2025-11-13,273.85,276.44,271.84,272.69,49602800,0.1991,0.3221,2026-04-29 18:31:18.793436,20260429_183118,AAPL
2025-11-14,270.8,275.7,269.35,272.16,47431300,0.1929,0.3221,2026-04-29 18:31:18.793436,20260429_183118,AAPL
2025-11-17,268.57,270.24,265.48,267.21,45018300,0.1598,0.3226,2026-04-29 18:31:18.793436,20260429_183118,AAPL
2025-11-18,269.74,270.46,265.07,267.19,45677300,0.1598,0.3224,2026-04-29 18:31:18.793436,20260429_183118,AAPL
2025-11-19,265.28,271.96,265.25,268.31,40424500,0.146,0.322,2026-04-29 18:31:18.793436,20260429_183118,AAPL
2025-11-20,270.58,275.17,265.67,266.0,45823600,0.1504,0.3219,2026-04-29 18:31:18.793436,20260429_183118,AAPL
2025-11-21,265.7,273.07,265.42,271.24,59030800,0.1592,0.3225,2026-04-29 18:31:18.793436,20260429_183118,AAPL
2025-11-24,270.65,276.74,270.65,275.66,65585800,0.1495,0.3228,2026-04-29 18:31:18.793436,20260429_183118,AAPL
2025-11-25,275.01,280.12,274.99,276.71,46914200,0.1497,0.3228,2026-04-29 18:31:18.793436,20260429_183118,AAPL
2025-11-26,276.7,279.27,276.37,277.29,33431400,0.1497,0.3228,2026-04-29 18:31:18.793436,20260429_183118,AAPL
2025-11-28,277.0,278.74,275.73,278.59,20135600,0.1491,0.3226,2026-04-29 18:31:18.793436,20260429_183118,AAPL
2025-12-01,277.75,283.16,275.88,282.84,46587700,0.1553,0.3228,2026-04-29 18:31:18.793436,20260429_183118,AAPL
2025-12-02,282.74,287.13,282.37,285.92,53669500,0.1556,0.323,2026-04-29 18:31:18.793436,20260429_183118,AAPL
2025-12-03,285.93,288.35,283.04,283.88,43538700,0.1598,0.3229,2026-04-29 18:31:18.793436,20260429_183118,AAPL
2025-12-04,283.83,284.46,278.33,280.44,43989100,0.1682,0.3231,2026-04-29 18:31:18.793436,20260429_183118,AAPL
2025-12-05,280.28,280.88,277.79,278.52,47265800,0.1707,0.3229,2026-04-29 18:31:18.793436,20260429_183118,AAPL
2025-12-08,277.87,279.41,275.89,277.63,38211800,0.17,0.3229,2026-04-29 18:31:18.793436,20260429_183118,AAPL
2025-12-09,277.9,279.77,276.66,276.92,32193300,0.1703,0.323,2026-04-29 18:31:18.793436,20260429_183118,AAPL
2025-12-10,277.49,279.49,276.18,278.52,33038300,0.1544,0.323,2026-04-29 18:31:18.793436,20260429_183118,AAPL
2025-12-11,278.84,279.33,273.55,277.77,33248000,0.1526,0.3226,2026-04-29 18:31:18.793436,20260429_183118,AAPL
2025-12-12,277.64,278.96,276.56,278.02,39532900,0.1523,0.3226,2026-04-29 18:31:18.793436,20260429_183118,AAPL
2025-12-15,279.89,279.89,272.58,273.85,50409100,0.1624,0.3229,2026-04-29 18:31:18.793436,20260429_183118,AAPL
2025-12-16,272.56,275.24,271.54,274.35,37648600,0.1467,0.3229,2026-04-29 18:31:18.793436,20260429_183118,AAPL
2025-12-17,274.75,275.9,271.39,271.59,50138700,0.1522,0.3231,2026-04-29 18:31:18.793436,20260429_183118,AAPL
2025-12-18,273.35,273.37,266.7,271.94,51630700,0.1517,0.3229,2026-04-29 18:31:18.793436,20260429_183118,AAPL
2025-12-19,271.9,274.34,269.65,273.41,144632000,0.1485,0.3228,2026-04-29 18:31:18.793436,20260429_183118,AAPL
2025-12-22,272.6,273.62,270.26,270.72,36571800,0.1371,0.3222,2026-04-29 18:31:18.793436,20260429_183118,AAPL
2025-12-23,270.59,272.25,269.31,272.11,29642000,0.1248,0.3222,2026-04-29 18:31:18.793436,20260429_183118,AAPL
2025-12-24,272.09,275.17,271.95,273.55,17910600,0.1256,0.3217,2026-04-29 18:31:18.793436,20260429_183118,AAPL
2025-12-26,273.9,275.11,272.6,273.14,21521800,0.1252,0.3217,2026-04-29 18:31:18.793436,20260429_183118,AAPL
2025-12-29,272.44,274.1,272.1,273.5,23715200,0.1239,0.3215,2026-04-29 18:31:18.793436,20260429_183118,AAPL
2025-12-30,272.55,273.82,272.03,272.82,22139600,0.1084,0.3215,2026-04-29 18:31:18.793436,20260429_183118,AAPL
2025-12-31,272.8,273.42,271.5,271.61,27293600,0.0978,0.3212,2026-04-29 18:31:18.793436,20260429_183118,AAPL
2026-01-02,272.01,277.58,268.75,270.76,37838100,0.0964,0.321,2026-04-29 18:31:18.793436,20260429_183118,AAPL
2026-01-05,270.39,271.26,265.89,267.01,45647200,0.0988,0.3212,2026-04-29 18:31:18.793436,20260429_183118,AAPL
2026-01-06,266.75,267.3,261.87,262.11,52352100,0.1133,0.3206,2026-04-29 18:31:18.793436,20260429_183118,AAPL
2026-01-07,262.95,263.43,259.57,260.09,48309800,0.1146,0.3207,2026-04-29 18:31:18.793436,20260429_183118,AAPL
2026-01-08,256.78,259.05,255.46,258.8,50419300,0.1147,0.3207,2026-04-29 18:31:18.793436,20260429_183118,AAPL
2026-01-09,258.84,259.97,255.98,259.13,39997000,0.111,0.3205,2026-04-29 18:31:18.793436,20260429_183118,AAPL
2026-01-12,258.92,261.06,256.56,260.01,45263800,0.1137,0.3205,2026-04-29 18:31:18.793436,20260429_183118,AAPL
2026-01-13,258.48,261.57,258.15,260.81,45730800,0.115,0.3195,2026-04-29 18:31:18.793436,20260429_183118,AAPL
2026-01-14,259.25,261.58,256.47,259.72,40019400,0.1062,0.3194,2026-04-29 18:31:18.793436,20260429_183118,AAPL
2026-01-15,260.41,260.8,256.81,257.97,39388600,0.1058,0.3194,2026-04-29 18:31:18.793436,20260429_183118,AAPL
2026-01-16,257.66,258.66,254.69,255.29,72142800,0.1061,0.319,2026-04-29 18:31:18.793436,20260429_183118,AAPL
2026-01-20,252.49,254.55,243.19,246.47,80267500,0.1541,0.3183,2026-04-29 18:31:18.793436,20260429_183118,AAPL
2026-01-21,248.47,251.32,244.95,247.42,54641700,0.1528,0.3182,2026-04-29 18:31:18.793436,20260429_183118,AAPL
2026-01-22,248.97,250.77,247.92,248.12,39708300,0.1541,0.3165,2026-04-29 18:31:18.793436,20260429_183118,AAPL
2026-01-23,247.09,249.18,244.45,247.81,41689000,0.1505,0.3165,2026-04-29 18:31:18.793436,20260429_183118,AAPL
2026-01-26,251.24,256.32,249.57,255.17,55969200,0.1904,0.3178,2026-04-29 18:31:18.793436,20260429_183118,AAPL
2026-01-27,258.93,261.71,257.97,258.03,49648300,0.1973,0.3179,2026-04-29 18:31:18.793436,20260429_183118,AAPL
2026-01-28,257.41,258.62,254.27,256.2,41288000,0.1972,0.3165,2026-04-29 18:31:18.793436,20260429_183118,AAPL
2026-01-29,257.76,259.41,254.17,258.04,67253000,0.2006,0.3146,2026-04-29 18:31:18.793436,20260429_183118,AAPL
2026-01-30,254.93,261.66,251.94,259.24,92443400,0.2022,0.3146,2026-04-29 18:31:18.793436,20260429_183118,AAPL
2026-02-02,259.79,270.24,258.97,269.76,73913400,0.2513,0.317,2026-04-29 18:31:18.793436,20260429_183118,AAPL
2026-02-03,268.95,271.63,267.36,269.23,64394700,0.2462,0.3169,2026-04-29 18:31:18.793436,20260429_183118,AAPL
2026-02-04,272.04,278.69,272.04,276.23,90545700,0.2511,0.3159,2026-04-29 18:31:18.793436,20260429_183118,AAPL
2026-02-05,277.87,279.24,272.97,275.65,52977400,0.2488,0.3153,2026-04-29 18:31:18.793436,20260429_183118,AAPL
2026-02-06,276.86,280.65,276.67,277.86,50453400,0.2476,0.3154,2026-04-29 18:31:18.793436,20260429_183118,AAPL
2026-02-09,277.91,278.2,271.7,274.62,44623400,0.2534,0.3156,2026-04-29 18:31:18.793436,20260429_183118,AAPL
2026-02-10,274.89,275.37,272.94,273.68,34376900,0.2544,0.3147,2026-04-29 18:31:18.793436,20260429_183118,AAPL
2026-02-11,274.7,280.18,274.45,275.5,51931300,0.2548,0.3147,2026-04-29 18:31:18.793436,20260429_183118,AAPL
2026-02-12,275.59,275.72,260.18,261.73,81077200,0.3186,0.3183,2026-04-29 18:31:18.793436,20260429_183118,AAPL
2026-02-13,262.01,262.23,255.45,255.78,56290700,0.3285,0.3187,2026-04-29 18:31:18.793436,20260429_183118,AAPL
2026-02-17,258.05,266.29,255.54,263.88,58469100,0.3445,0.3196,2026-04-29 18:31:18.793436,20260429_183118,AAPL
2026-02-18,263.6,266.82,262.45,264.35,34203300,0.3159,0.3193,2026-04-29 18:31:18.793436,20260429_183118,AAPL
2026-02-19,262.6,264.48,260.05,260.58,30845300,0.3222,0.3197,2026-04-29 18:31:18.793436,20260429_183118,AAPL
2026-02-20,258.97,264.75,258.16,264.58,42070500,0.3253,0.32,2026-04-29 18:31:18.793436,20260429_183118,AAPL
2026-02-23,263.49,269.43,263.38,266.18,37308200,0.325,0.3201,2026-04-29 18:31:18.793436,20260429_183118,AAPL
2026-02-24,267.86,274.89,267.71,272.14,47014600,0.3184,0.3208,2026-04-29 18:31:18.793436,20260429_183118,AAPL
2026-02-25,271.78,274.94,271.05,274.23,33714300,0.3175,0.3208,2026-04-29 18:31:18.793436,20260429_183118,AAPL
2026-02-26,274.95,276.11,270.8,272.95,32345100,0.3166,0.3209,2026-04-29 18:31:18.793436,20260429_183118,AAPL
2026-02-27,272.81,272.81,262.89,264.18,72366500,0.3406,0.3214,2026-04-29 18:31:18.793436,20260429_183118,AAPL
2026-03-02,262.41,266.53,260.2,264.72,41827900,0.3404,0.3211,2026-04-29 18:31:18.793436,20260429_183118,AAPL
2026-03-03,263.48,265.56,260.13,263.75,38568900,0.3082,0.3206,2026-04-29 18:31:18.793436,20260429_183118,AAPL
2026-03-04,264.65,266.15,261.42,262.52,39803100,0.3085,0.3202,2026-04-29 18:31:18.793436,20260429_183118,AAPL
2026-03-05,260.79,261.56,257.25,260.29,49658600,0.2923,0.3202,2026-04-29 18:31:18.793436,20260429_183118,AAPL
2026-03-06,258.63,258.77,254.37,257.46,41120000,0.2936,0.3204,2026-04-29 18:31:18.793436,20260429_183118,AAPL
2026-03-09,255.69,261.15,253.68,259.88,38218500,0.2944,0.3205,2026-04-29 18:31:18.793436,20260429_183118,AAPL
2026-03-10,257.65,262.48,256.95,260.83,30590800,0.2936,0.3202,2026-04-29 18:31:18.793436,20260429_183118,AAPL
2026-03-11,261.09,262.13,259.55,260.81,26218900,0.2937,0.3162,2026-04-29 18:31:18.793436,20260429_183118,AAPL
2026-03-12,258.66,258.95,254.18,255.76,40794000,0.2977,0.3154,2026-04-29 18:31:18.793436,20260429_183118,AAPL
2026-03-13,255.48,256.33,249.52,250.12,36930000,0.2503,0.3157,2026-04-29 18:31:18.793436,20260429_183118,AAPL
2026-03-16,252.11,253.89,249.88,252.82,32074200,0.2418,0.3139,2026-04-29 18:31:18.793436,20260429_183118,AAPL
2026-03-17,252.96,255.13,252.18,254.23,32361600,0.2125,0.3135,2026-04-29 18:31:18.793436,20260429_183118,AAPL
2026-03-18,252.63,254.94,249.0,249.94,35757900,0.2186,0.314,2026-04-29 18:31:18.793436,20260429_183118,AAPL
2026-03-19,249.4,251.83,247.3,248.96,34864100,0.2144,0.3139,2026-04-29 18:31:18.793436,20260429_183118,AAPL
2026-03-20,247.98,249.2,246.0,247.99,88331100,0.2042,0.3138,2026-04-29 18:31:18.793436,20260429_183118,AAPL
2026-03-23,253.97,254.6,250.28,251.49,40546100,0.2108,0.314,2026-04-29 18:31:18.793436,20260429_183118,AAPL
2026-03-24,250.35,254.83,249.55,251.64,45152300,0.1898,0.3134,2026-04-29 18:31:18.793436,20260429_183118,AAPL
2026-03-25,254.1,255.0,251.6,252.62,28476700,0.1872,0.3133,2026-04-29 18:31:18.793436,20260429_183118,AAPL
2026-03-26,252.12,257.0,250.77,252.89,41796700,0.1881,0.313,2026-04-29 18:31:18.793436,20260429_183118,AAPL
2026-03-27,253.9,255.49,248.07,248.8,47900000,0.162,0.3133,2026-04-29 18:31:18.793436,20260429_183118,AAPL
2026-03-30,250.07,250.87,245.51,246.63,39446200,0.162,0.3132,2026-04-29 18:31:18.793436,20260429_183118,AAPL
2026-03-31,247.91,255.48,247.1,253.79,49598100,0.1982,0.3133,2026-04-29 18:31:18.793436,20260429_183118,AAPL
2026-04-01,254.08,256.18,253.33,255.63,40059400,0.2005,0.3128,2026-04-29 18:31:18.793436,20260429_183118,AAPL
2026-04-02,254.2,256.13,250.65,255.92,31289400,0.1988,0.3128,2026-04-29 18:31:18.793436,20260429_183118,AAPL
2026-04-06,256.51,262.16,256.46,258.86,29329900,0.1996,0.313,2026-04-29 18:31:18.793436,20260429_183118,AAPL
2026-04-07,256.16,256.2,245.7,253.5,62148000,0.21,0.298,2026-04-29 18:31:18.793436,20260429_183118,AAPL
2026-04-08,258.45,259.75,256.53,258.9,41032800,0.224,0.2886,2026-04-29 18:31:18.793436,20260429_183118,AAPL
2026-04-09,259.0,261.12,256.07,260.49,28121600,0.2252,0.286,2026-04-29 18:31:18.793436,20260429_183118,AAPL
2026-04-10,259.98,262.19,259.02,260.48,31291500,0.2131,0.2811,2026-04-29 18:31:18.793436,20260429_183118,AAPL
2026-04-13,259.73,260.18,256.66,259.2,36234700,0.1963,0.243,2026-04-29 18:31:18.793436,20260429_183118,AAPL
2026-04-14,259.25,261.93,257.19,258.83,48370700,0.1937,0.2389,2026-04-29 18:31:18.793436,20260429_183118,AAPL
2026-04-15,258.16,266.56,257.81,266.43,49913500,0.2171,0.2374,2026-04-29 18:31:18.793436,20260429_183118,AAPL
2026-04-16,266.8,267.16,261.27,263.4,43323100,0.2113,0.2368,2026-04-29 18:31:18.793436,20260429_183118,AAPL
2026-04-17,266.96,272.3,266.72,270.23,61436200,0.2247,0.2381,2026-04-29 18:31:18.793436,20260429_183118,AAPL
2026-04-20,270.33,274.28,270.29,273.05,36590200,0.2237,0.2347,2026-04-29 18:31:18.793436,20260429_183118,AAPL
2026-04-21,271.5,272.8,265.4,266.17,50209800,0.2451,0.2359,2026-04-29 18:31:18.793436,20260429_183118,AAPL
2026-04-22,267.82,273.74,266.87,273.17,43249200,0.2582,0.2362,2026-04-29 18:31:18.793436,20260429_183118,AAPL
2026-04-23,275.05,275.77,271.65,273.43,33399600,0.2585,0.234,2026-04-29 18:31:18.793436,20260429_183118,AAPL
2026-04-24,272.76,273.06,269.65,271.06,38157100,0.2622,0.2331,2026-04-29 18:31:18.793436,20260429_183118,AAPL
2026-04-27,266.09,268.36,265.07,267.61,41466800,0.259,0.2329,2026-04-29 18:31:18.793436,20260429_183118,AAPL
2026-04-28,272.34,273.23,268.66,270.71,40018900,0.2561,0.2331,2026-04-29 18:31:18.793436,20260429_183118,AAPL
2026-04-29,267.55,271.04,267.04,270.17,24117049,0.2407,0.2331,2026-04-29 18:31:18.793436,20260429_183118,AAPL
