contractSymbol,expiry,option_type,strike,bid,ask,lastPrice,volume,openInterest,impliedVolatility,delta,gamma,theta,vega,inTheMoney,snapshot_time,snapshot_str,ticker
AAPL260429C00190000,2026-04-29,call,190.0,78.5,82.2,80.05,155.0,7,4.461918485107422,,,,,True,2026-04-28 20:37:27.030209,20260428_203727,AAPL
AAPL260429C00200000,2026-04-29,call,200.0,68.5,72.2,70.6,57.0,82,3.92968767578125,,,,,True,2026-04-28 20:37:27.030209,20260428_203727,AAPL
AAPL260429C00205000,2026-04-29,call,205.0,63.5,67.2,64.85,42.0,3,3.670899260253907,,,,,True,2026-04-28 20:37:27.030209,20260428_203727,AAPL
AAPL260429C00215000,2026-04-29,call,215.0,53.5,57.2,55.03,87.0,1,3.16406458984375,,,,,True,2026-04-28 20:37:27.030209,20260428_203727,AAPL
AAPL260429C00220000,2026-04-29,call,220.0,48.65,52.25,49.96,133.0,2,2.940432336425781,,,,,True,2026-04-28 20:37:27.030209,20260428_203727,AAPL
AAPL260429C00225000,2026-04-29,call,225.0,43.65,47.25,45.33,47.0,16,2.6923860815429688,,,,,True,2026-04-28 20:37:27.030209,20260428_203727,AAPL
AAPL260429C00230000,2026-04-29,call,230.0,38.6,42.25,39.81,359.0,11,2.4467812268066402,,,,,True,2026-04-28 20:37:27.030209,20260428_203727,AAPL
AAPL260429C00235000,2026-04-29,call,235.0,33.7,37.2,35.6,106.0,3,2.1816451708984372,,,,,True,2026-04-28 20:37:27.030209,20260428_203727,AAPL
AAPL260429C00240000,2026-04-29,call,240.0,28.9,32.2,29.84,32.0,13,1.9384768701171877,,,,,True,2026-04-28 20:37:27.030209,20260428_203727,AAPL
AAPL260429C00245000,2026-04-29,call,245.0,23.9,27.3,25.01,22.0,2,1.7290052612304687,,,,,True,2026-04-28 20:37:27.030209,20260428_203727,AAPL
AAPL260429C00247500,2026-04-29,call,247.5,21.2,24.85,22.11,9.0,4,1.62109564453125,,,,,True,2026-04-28 20:37:27.030209,20260428_203727,AAPL
AAPL260429C00250000,2026-04-29,call,250.0,18.65,22.55,19.79,426.0,135,1.5551780053710935,,,,,True,2026-04-28 20:37:27.030209,20260428_203727,AAPL
AAPL260429C00252500,2026-04-29,call,252.5,16.0,19.8,17.17,8.0,98,1.3525422998046874,,,,,True,2026-04-28 20:37:27.030209,20260428_203727,AAPL
AAPL260429C00255000,2026-04-29,call,255.0,14.65,16.95,15.6,98.0,124,0.5996133789062501,,,,,True,2026-04-28 20:37:27.030209,20260428_203727,AAPL
AAPL260429C00257500,2026-04-29,call,257.5,13.05,13.55,12.6,32.0,194,0.51758294921875,,,,,True,2026-04-28 20:37:27.030209,20260428_203727,AAPL
AAPL260429C00260000,2026-04-29,call,260.0,10.6,11.05,10.55,218.0,701,0.57812921875,,,,,True,2026-04-28 20:37:27.030209,20260428_203727,AAPL
AAPL260429C00262500,2026-04-29,call,262.5,7.85,8.6,8.4,1598.0,133,0.49268085449218757,,,,,True,2026-04-28 20:37:27.030209,20260428_203727,AAPL
AAPL260429C00265000,2026-04-29,call,265.0,5.7,6.15,6.11,4192.0,2098,0.39649041015625003,,,,,True,2026-04-28 20:37:27.030209,20260428_203727,AAPL
AAPL260429C00267500,2026-04-29,call,267.5,3.75,3.9,3.85,8932.0,4416,0.33350275878906255,,,,,True,2026-04-28 20:37:27.030209,20260428_203727,AAPL
AAPL260429C00270000,2026-04-29,call,270.0,2.0,2.08,2.01,50062.0,8593,0.3012765185546875,,,,,True,2026-04-28 20:37:27.030209,20260428_203727,AAPL
AAPL260429C00272500,2026-04-29,call,272.5,0.85,0.9,0.89,64870.0,10025,0.28955788574218744,,,,,False,2026-04-28 20:37:27.030209,20260428_203727,AAPL
AAPL260429C00275000,2026-04-29,call,275.0,0.33,0.35,0.34,105141.0,10952,0.29834686035156244,,,,,False,2026-04-28 20:37:27.030209,20260428_203727,AAPL
AAPL260429C00277500,2026-04-29,call,277.5,0.12,0.14,0.13,36606.0,5162,0.3193427441406249,,,,,False,2026-04-28 20:37:27.030209,20260428_203727,AAPL
AAPL260429C00280000,2026-04-29,call,280.0,0.05,0.06,0.05,27557.0,23267,0.34570966796874997,,,,,False,2026-04-28 20:37:27.030209,20260428_203727,AAPL
AAPL260429C00282500,2026-04-29,call,282.5,0.02,0.03,0.03,4991.0,1407,0.3789124609375,,,,,False,2026-04-28 20:37:27.030209,20260428_203727,AAPL
AAPL260429C00285000,2026-04-29,call,285.0,0.01,0.02,0.02,5586.0,3590,0.42188078125,,,,,False,2026-04-28 20:37:27.030209,20260428_203727,AAPL
AAPL260429C00287500,2026-04-29,call,287.5,0.0,0.02,0.01,677.0,751,0.48438015625,,,,,False,2026-04-28 20:37:27.030209,20260428_203727,AAPL
AAPL260429C00290000,2026-04-29,call,290.0,0.0,0.01,0.01,1844.0,1527,0.500005,,,,,False,2026-04-28 20:37:27.030209,20260428_203727,AAPL
AAPL260429C00292500,2026-04-29,call,292.5,0.0,0.01,0.01,66.0,71,0.51562984375,,,,,False,2026-04-28 20:37:27.030209,20260428_203727,AAPL
AAPL260429C00295000,2026-04-29,call,295.0,0.0,0.01,0.01,601.0,1779,0.5625043750000001,,,,,False,2026-04-28 20:37:27.030209,20260428_203727,AAPL
AAPL260429C00297500,2026-04-29,call,297.5,0.0,0.01,0.01,1560.0,132,0.6250037500000001,,,,,False,2026-04-28 20:37:27.030209,20260428_203727,AAPL
AAPL260429C00300000,2026-04-29,call,300.0,0.0,0.01,0.01,182.0,4887,0.6718782812500002,,,,,False,2026-04-28 20:37:27.030209,20260428_203727,AAPL
AAPL260429C00305000,2026-04-29,call,305.0,0.0,0.01,0.01,4.0,87,0.7656273437500001,,,,,False,2026-04-28 20:37:27.030209,20260428_203727,AAPL
AAPL260429C00310000,2026-04-29,call,310.0,0.0,0.01,0.01,1.0,916,0.87500125,,,,,False,2026-04-28 20:37:27.030209,20260428_203727,AAPL
AAPL260429C00315000,2026-04-29,call,315.0,0.0,0.01,0.03,5.0,25,0.9687503125,,,,,False,2026-04-28 20:37:27.030209,20260428_203727,AAPL
AAPL260429C00320000,2026-04-29,call,320.0,0.0,0.01,0.01,957.0,2,1.0312548437500002,,,,,False,2026-04-28 20:37:27.030209,20260428_203727,AAPL
AAPL260429C00325000,2026-04-29,call,325.0,0.0,0.01,0.01,1489.0,3,1.125004375,,,,,False,2026-04-28 20:37:27.030209,20260428_203727,AAPL
AAPL260429C00330000,2026-04-29,call,330.0,0.0,0.01,0.01,1010.0,23,1.21875390625,,,,,False,2026-04-28 20:37:27.030209,20260428_203727,AAPL
AAPL260429P00185000,2026-04-29,put,185.0,0.0,0.01,0.01,1.0,7504,2.2500043749999996,,,,,False,2026-04-28 20:37:27.030209,20260428_203727,AAPL
AAPL260429P00190000,2026-04-29,put,190.0,0.0,0.01,0.01,1.0,7502,2.1250046874999997,,,,,False,2026-04-28 20:37:27.030209,20260428_203727,AAPL
AAPL260429P00195000,2026-04-29,put,195.0,0.0,0.01,0.09,,1,1.96875015625,,,,,False,2026-04-28 20:37:27.030209,20260428_203727,AAPL
AAPL260429P00200000,2026-04-29,put,200.0,0.0,0.01,0.01,6000.0,6001,1.8125009374999999,,,,,False,2026-04-28 20:37:27.030209,20260428_203727,AAPL
AAPL260429P00210000,2026-04-29,put,210.0,0.0,0.01,0.01,1.0,4,1.5625021874999998,,,,,False,2026-04-28 20:37:27.030209,20260428_203727,AAPL
AAPL260429P00215000,2026-04-29,put,215.0,0.0,0.01,0.01,1.0,50,1.4375028125,,,,,False,2026-04-28 20:37:27.030209,20260428_203727,AAPL
AAPL260429P00220000,2026-04-29,put,220.0,0.0,0.01,0.01,22.0,500,1.3125034374999998,,,,,False,2026-04-28 20:37:27.030209,20260428_203727,AAPL
AAPL260429P00225000,2026-04-29,put,225.0,0.0,0.05,0.05,14.0,34,1.359378203125,,,,,False,2026-04-28 20:37:27.030209,20260428_203727,AAPL
AAPL260429P00230000,2026-04-29,put,230.0,0.0,0.07,0.05,62.0,33,1.2578162109375,,,,,False,2026-04-28 20:37:27.030209,20260428_203727,AAPL
AAPL260429P00235000,2026-04-29,put,235.0,0.0,0.01,0.01,532.0,728,0.9062509375,,,,,False,2026-04-28 20:37:27.030209,20260428_203727,AAPL
AAPL260429P00237500,2026-04-29,put,237.5,0.0,0.23,0.01,51.0,18,1.2109414453124998,,,,,False,2026-04-28 20:37:27.030209,20260428_203727,AAPL
AAPL260429P00240000,2026-04-29,put,240.0,0.0,0.11,0.01,86.0,337,1.015629921875,,,,,False,2026-04-28 20:37:27.030209,20260428_203727,AAPL
AAPL260429P00242500,2026-04-29,put,242.5,0.0,0.02,0.01,90.0,207,0.7656273437500001,,,,,False,2026-04-28 20:37:27.030209,20260428_203727,AAPL
AAPL260429P00245000,2026-04-29,put,245.0,0.0,0.01,0.01,125.0,465,0.6562534375000001,,,,,False,2026-04-28 20:37:27.030209,20260428_203727,AAPL
AAPL260429P00247500,2026-04-29,put,247.5,0.0,0.02,0.01,133.0,351,0.64062859375,,,,,False,2026-04-28 20:37:27.030209,20260428_203727,AAPL
AAPL260429P00250000,2026-04-29,put,250.0,0.01,0.02,0.01,629.0,601,0.6015664843750002,,,,,False,2026-04-28 20:37:27.030209,20260428_203727,AAPL
AAPL260429P00252500,2026-04-29,put,252.5,0.01,0.02,0.02,211.0,411,0.5312546875,,,,,False,2026-04-28 20:37:27.030209,20260428_203727,AAPL
AAPL260429P00255000,2026-04-29,put,255.0,0.02,0.03,0.03,1432.0,1664,0.507817421875,,,,,False,2026-04-28 20:37:27.030209,20260428_203727,AAPL
AAPL260429P00257500,2026-04-29,put,257.5,0.02,0.03,0.02,990.0,3471,0.437505625,,,,,False,2026-04-28 20:37:27.030209,20260428_203727,AAPL
AAPL260429P00260000,2026-04-29,put,260.0,0.04,0.05,0.05,2395.0,2616,0.39063109375,,,,,False,2026-04-28 20:37:27.030209,20260428_203727,AAPL
AAPL260429P00262500,2026-04-29,put,262.5,0.09,0.1,0.1,15422.0,2902,0.3544986425781249,,,,,False,2026-04-28 20:37:27.030209,20260428_203727,AAPL
AAPL260429P00265000,2026-04-29,put,265.0,0.21,0.23,0.22,13416.0,6323,0.32520206054687495,,,,,False,2026-04-28 20:37:27.030209,20260428_203727,AAPL
AAPL260429P00267500,2026-04-29,put,267.5,0.52,0.56,0.53,11616.0,2195,0.30371790039062496,,,,,False,2026-04-28 20:37:27.030209,20260428_203727,AAPL
AAPL260429P00270000,2026-04-29,put,270.0,1.24,1.29,1.27,22096.0,2026,0.28711650390624993,,,,,False,2026-04-28 20:37:27.030209,20260428_203727,AAPL
AAPL260429P00272500,2026-04-29,put,272.5,2.53,2.69,2.55,5025.0,595,0.28955788574218744,,,,,True,2026-04-28 20:37:27.030209,20260428_203727,AAPL
AAPL260429P00275000,2026-04-29,put,275.0,4.4,4.8,5.3,2678.0,617,0.34180345703125,,,,,True,2026-04-28 20:37:27.030209,20260428_203727,AAPL
AAPL260429P00277500,2026-04-29,put,277.5,6.3,8.0,7.37,440.0,87,0.6362341064453125,,,,,True,2026-04-28 20:37:27.030209,20260428_203727,AAPL
AAPL260429P00280000,2026-04-29,put,280.0,8.1,10.45,10.03,59.0,33,0.7480493945312501,,,,,True,2026-04-28 20:37:27.030209,20260428_203727,AAPL
AAPL260429P00282500,2026-04-29,put,282.5,10.6,13.7,12.45,3.0,10,0.6044961425781252,,,,,True,2026-04-28 20:37:27.030209,20260428_203727,AAPL
AAPL260429P00285000,2026-04-29,put,285.0,13.5,16.25,15.0,4.0,3,0.789064609375,,,,,True,2026-04-28 20:37:27.030209,20260428_203727,AAPL
AAPL260429P00287500,2026-04-29,put,287.5,15.15,18.85,17.0,46.0,0,0.6972686523437501,,,,,True,2026-04-28 20:37:27.030209,20260428_203727,AAPL
AAPL260429P00290000,2026-04-29,put,290.0,17.8,21.15,19.0,1.0,1,0.7568383691406251,,,,,True,2026-04-28 20:37:27.030209,20260428_203727,AAPL
AAPL260429P00295000,2026-04-29,put,295.0,23.05,26.25,23.0,,0,1.0302782861328126,,,,,True,2026-04-28 20:37:27.030209,20260428_203727,AAPL
AAPL260429P00300000,2026-04-29,put,300.0,27.95,31.3,29.8,5.0,8,1.1689494677734376,,,,,True,2026-04-28 20:37:27.030209,20260428_203727,AAPL
AAPL260429P00310000,2026-04-29,put,310.0,38.0,41.25,43.8,2.0,0,1.4580105224609374,,,,,True,2026-04-28 20:37:27.030209,20260428_203727,AAPL
AAPL260501C00110000,2026-05-01,call,110.0,158.8,162.35,160.32,2.0,10,5.851565185546875,0.9892,0.0002,-0.8521,0.0057,True,2026-04-28 20:37:27.030209,20260428_203727,AAPL
AAPL260501C00120000,2026-05-01,call,120.0,148.8,152.25,147.11,1.0,3,5.275394030761718,0.9887,0.0003,-0.8009,0.006,True,2026-04-28 20:37:27.030209,20260428_203727,AAPL
AAPL260501C00145000,2026-05-01,call,145.0,124.2,127.05,124.76,71.0,69,4.066411166992188,0.987,0.0004,-0.7024,0.0067,True,2026-04-28 20:37:27.030209,20260428_203727,AAPL
AAPL260501C00150000,2026-05-01,call,150.0,119.5,122.05,120.02,7.0,1,2.50000375,0.9995,0.0,-0.0432,0.0004,True,2026-04-28 20:37:27.030209,20260428_203727,AAPL
AAPL260501C00175000,2026-05-01,call,175.0,94.25,96.9,94.46,108.0,1,2.9209011352539065,0.9833,0.0007,-0.6311,0.0083,True,2026-04-28 20:37:27.030209,20260428_203727,AAPL
AAPL260501C00180000,2026-05-01,call,180.0,89.5,92.25,90.55,107.0,1,1.994140654296875,0.9977,0.0002,-0.0952,0.0014,True,2026-04-28 20:37:27.030209,20260428_203727,AAPL
AAPL260501C00185000,2026-05-01,call,185.0,83.9,87.3,85.72,1.0,1,2.7744171264648436,0.9749,0.0011,-0.8403,0.0118,True,2026-04-28 20:37:27.030209,20260428_203727,AAPL
AAPL260501C00190000,2026-05-01,call,190.0,79.45,82.0,81.15,11.0,12,1.3437532812499997,0.9998,0.0,-0.03,0.0001,True,2026-04-28 20:37:27.030209,20260428_203727,AAPL
AAPL260501C00195000,2026-05-01,call,195.0,73.85,77.3,63.92,1.0,1,2.457523387451172,0.971,0.0013,-0.8399,0.0133,True,2026-04-28 20:37:27.030209,20260428_203727,AAPL
AAPL260501C00200000,2026-05-01,call,200.0,68.85,72.25,69.62,14.0,42,2.286137097167969,0.9696,0.0015,-0.8138,0.0138,True,2026-04-28 20:37:27.030209,20260428_203727,AAPL
AAPL260501C00205000,2026-05-01,call,205.0,63.85,67.35,60.0,5.0,7,2.1684616101074217,0.9652,0.0018,-0.8628,0.0154,True,2026-04-28 20:37:27.030209,20260428_203727,AAPL
AAPL260501C00210000,2026-05-01,call,210.0,58.9,62.35,60.83,1.0,57,2.0185596411132813,0.9621,0.002,-0.8606,0.0165,True,2026-04-28 20:37:27.030209,20260428_203727,AAPL
AAPL260501C00215000,2026-05-01,call,215.0,53.9,57.35,54.97,1.0,28,1.8710943945312501,0.9586,0.0024,-0.8583,0.0178,True,2026-04-28 20:37:27.030209,20260428_203727,AAPL
AAPL260501C00220000,2026-05-01,call,220.0,49.65,52.05,46.74,4.0,214,1.0722702636718753,0.9961,0.0005,-0.0929,0.0023,True,2026-04-28 20:37:27.030209,20260428_203727,AAPL
AAPL260501C00225000,2026-05-01,call,225.0,44.0,47.0,42.75,1.0,37,1.4853541357421873,0.959,0.003,-0.683,0.0176,True,2026-04-28 20:37:27.030209,20260428_203727,AAPL
AAPL260501C00230000,2026-05-01,call,230.0,39.7,42.1,40.06,7.0,295,0.91211025390625,0.9929,0.0011,-0.1215,0.004,True,2026-04-28 20:37:27.030209,20260428_203727,AAPL
AAPL260501C00232500,2026-05-01,call,232.5,36.55,39.9,40.92,1.0,33,0.6250037500000001,0.9995,0.0001,-0.0369,0.0003,True,2026-04-28 20:37:27.030209,20260428_203727,AAPL
AAPL260501C00235000,2026-05-01,call,235.0,34.7,37.15,36.07,1.0,166,0.8261736132812498,0.9906,0.0015,-0.1366,0.0051,True,2026-04-28 20:37:27.030209,20260428_203727,AAPL
AAPL260501C00237500,2026-05-01,call,237.5,32.1,34.75,32.8,13.0,27,0.773439765625,0.9898,0.0017,-0.1371,0.0054,True,2026-04-28 20:37:27.030209,20260428_203727,AAPL
AAPL260501C00240000,2026-05-01,call,240.0,30.0,31.5,30.02,10.0,3855,0.5625043750000001,0.9982,0.0005,-0.0487,0.0011,True,2026-04-28 20:37:27.030209,20260428_203727,AAPL
AAPL260501C00242500,2026-05-01,call,242.5,27.85,29.45,28.58,5.0,108,0.770510107421875,0.9752,0.0038,-0.2566,0.0116,True,2026-04-28 20:37:27.030209,20260428_203727,AAPL
AAPL260501C00245000,2026-05-01,call,245.0,24.75,27.3,25.4,1.0,369,0.6640658593750002,0.9803,0.0036,-0.1918,0.0096,True,2026-04-28 20:37:27.030209,20260428_203727,AAPL
AAPL260501C00247500,2026-05-01,call,247.5,23.1,24.15,25.28,1.0,23,0.64648791015625,0.9715,0.005,-0.2442,0.0131,True,2026-04-28 20:37:27.030209,20260428_203727,AAPL
AAPL260501C00250000,2026-05-01,call,250.0,20.85,21.65,21.24,843.0,1531,0.6264685791015626,0.9595,0.0069,-0.3057,0.0174,True,2026-04-28 20:37:27.030209,20260428_203727,AAPL
AAPL260501C00252500,2026-05-01,call,252.5,18.55,19.7,19.68,5.0,81,0.6538120556640626,0.929,0.0104,-0.4763,0.0272,True,2026-04-28 20:37:27.030209,20260428_203727,AAPL
AAPL260501C00255000,2026-05-01,call,255.0,16.5,17.0,16.71,65.0,3605,0.6108437353515627,0.9116,0.0131,-0.5218,0.0321,True,2026-04-28 20:37:27.030209,20260428_203727,AAPL
AAPL260501C00257500,2026-05-01,call,257.5,13.85,15.1,14.4,77.0,586,0.5795940478515625,0.8837,0.0168,-0.5988,0.0392,True,2026-04-28 20:37:27.030209,20260428_203727,AAPL
AAPL260501C00260000,2026-05-01,call,260.0,12.3,12.6,12.55,695.0,5187,0.5751995605468749,0.8354,0.0215,-0.7435,0.0497,True,2026-04-28 20:37:27.030209,20260428_203727,AAPL
AAPL260501C00262500,2026-05-01,call,262.5,10.25,10.7,10.33,193.0,867,0.5607954077148438,0.7791,0.0264,-0.8613,0.0595,True,2026-04-28 20:37:27.030209,20260428_203727,AAPL
AAPL260501C00265000,2026-05-01,call,265.0,8.6,8.85,8.6,1195.0,5906,0.5571333349609376,0.7068,0.0308,-0.9854,0.0689,True,2026-04-28 20:37:27.030209,20260428_203727,AAPL
AAPL260501C00267500,2026-05-01,call,267.5,7.05,7.2,7.12,5141.0,2692,0.5515181567382813,0.6253,0.0343,-1.0698,0.076,True,2026-04-28 20:37:27.030209,20260428_203727,AAPL
AAPL260501C00270000,2026-05-01,call,270.0,5.65,5.75,5.7,17379.0,9753,0.5459029785156251,0.5366,0.0363,-1.1057,0.0796,True,2026-04-28 20:37:27.030209,20260428_203727,AAPL
AAPL260501C00272500,2026-05-01,call,272.5,4.4,4.5,4.45,7775.0,4129,0.5393112475585939,0.445,0.0366,-1.0836,0.0792,False,2026-04-28 20:37:27.030209,20260428_203727,AAPL
AAPL260501C00275000,2026-05-01,call,275.0,3.4,3.45,3.43,9230.0,21732,0.5366257275390626,0.356,0.0347,-1.0147,0.0747,False,2026-04-28 20:37:27.030209,20260428_203727,AAPL
AAPL260501C00277500,2026-05-01,call,277.5,2.57,2.64,2.6,6802.0,7194,0.5373581420898439,0.2756,0.031,-0.9092,0.0669,False,2026-04-28 20:37:27.030209,20260428_203727,AAPL
AAPL260501C00280000,2026-05-01,call,280.0,1.9,1.93,1.92,8764.0,13229,0.534184345703125,0.2042,0.0265,-0.7661,0.0568,False,2026-04-28 20:37:27.030209,20260428_203727,AAPL
AAPL260501C00282500,2026-05-01,call,282.5,1.38,1.42,1.4,2155.0,8543,0.5351608984375,0.147,0.0214,-0.622,0.0461,False,2026-04-28 20:37:27.030209,20260428_203727,AAPL
AAPL260501C00285000,2026-05-01,call,285.0,0.99,1.02,1.0,6169.0,10199,0.5361374511718751,0.1021,0.0166,-0.4824,0.0357,False,2026-04-28 20:37:27.030209,20260428_203727,AAPL
AAPL260501C00287500,2026-05-01,call,287.5,0.7,0.73,0.71,1331.0,2407,0.5385788330078126,0.0691,0.0123,-0.3612,0.0266,False,2026-04-28 20:37:27.030209,20260428_203727,AAPL
AAPL260501C00290000,2026-05-01,call,290.0,0.49,0.51,0.51,3513.0,8707,0.5410202148437502,0.0453,0.0088,-0.2601,0.0191,False,2026-04-28 20:37:27.030209,20260428_203727,AAPL
AAPL260501C00292500,2026-05-01,call,292.5,0.34,0.36,0.36,1698.0,1564,0.5454147021484376,0.0293,0.0061,-0.1836,0.0134,False,2026-04-28 20:37:27.030209,20260428_203727,AAPL
AAPL260501C00295000,2026-05-01,call,295.0,0.23,0.26,0.23,2125.0,9591,0.5507857421875001,0.0187,0.0042,-0.1271,0.0092,False,2026-04-28 20:37:27.030209,20260428_203727,AAPL
AAPL260501C00297500,2026-05-01,call,297.5,0.16,0.18,0.18,346.0,718,0.5556685058593751,0.0117,0.0027,-0.0855,0.0061,False,2026-04-28 20:37:27.030209,20260428_203727,AAPL
AAPL260501C00300000,2026-05-01,call,300.0,0.12,0.13,0.13,6145.0,9823,0.5664105859375,0.0077,0.0019,-0.0604,0.0042,False,2026-04-28 20:37:27.030209,20260428_203727,AAPL
AAPL260501C00302500,2026-05-01,call,302.5,0.08,0.09,0.09,1128.0,358,0.5722699023437501,0.0048,0.0012,-0.0398,0.0028,False,2026-04-28 20:37:27.030209,20260428_203727,AAPL
AAPL260501C00305000,2026-05-01,call,305.0,0.06,0.07,0.07,1271.0,2034,0.585941640625,0.0032,0.0008,-0.029,0.002,False,2026-04-28 20:37:27.030209,20260428_203727,AAPL
AAPL260501C00310000,2026-05-01,call,310.0,0.03,0.04,0.03,763.0,1846,0.6054726953125001,0.0014,0.0004,-0.0137,0.0009,False,2026-04-28 20:37:27.030209,20260428_203727,AAPL
AAPL260501C00315000,2026-05-01,call,315.0,0.01,0.03,0.02,321.0,663,0.6250037500000001,0.0006,0.0002,-0.0065,0.0004,False,2026-04-28 20:37:27.030209,20260428_203727,AAPL
AAPL260501C00320000,2026-05-01,call,320.0,0.01,0.02,0.01,93.0,824,0.6640658593750002,0.0004,0.0001,-0.0045,0.0003,False,2026-04-28 20:37:27.030209,20260428_203727,AAPL
AAPL260501C00325000,2026-05-01,call,325.0,0.0,0.03,0.02,34.0,268,0.7187528125,0.0003,0.0001,-0.0044,0.0002,False,2026-04-28 20:37:27.030209,20260428_203727,AAPL
AAPL260501C00330000,2026-05-01,call,330.0,0.0,0.07,0.02,18.0,160,0.8437515624999999,0.0009,0.0002,-0.0124,0.0006,False,2026-04-28 20:37:27.030209,20260428_203727,AAPL
AAPL260501C00335000,2026-05-01,call,335.0,0.0,0.1,0.01,52.0,261,0.937500625,0.0012,0.0002,-0.019,0.0008,False,2026-04-28 20:37:27.030209,20260428_203727,AAPL
AAPL260501C00340000,2026-05-01,call,340.0,0.0,0.23,0.03,30.0,38,1.0996138769531252,0.0029,0.0004,-0.0494,0.0018,False,2026-04-28 20:37:27.030209,20260428_203727,AAPL
AAPL260501C00345000,2026-05-01,call,345.0,0.0,0.02,0.01,1.0,6,0.8906260937499999,0.0001,0.0,-0.0024,0.0001,False,2026-04-28 20:37:27.030209,20260428_203727,AAPL
AAPL260501C00350000,2026-05-01,call,350.0,0.0,0.04,0.01,15.0,11,1.0078174609375,0.0003,0.0001,-0.0062,0.0002,False,2026-04-28 20:37:27.030209,20260428_203727,AAPL
AAPL260501C00365000,2026-05-01,call,365.0,0.0,0.01,0.02,4.0,109,1.0312548437500002,0.0001,0.0,-0.0011,0.0,False,2026-04-28 20:37:27.030209,20260428_203727,AAPL
AAPL260501C00375000,2026-05-01,call,375.0,0.0,0.01,0.05,2.0,2,1.09375453125,0.0,0.0,-0.0008,0.0,False,2026-04-28 20:37:27.030209,20260428_203727,AAPL
AAPL260501C00390000,2026-05-01,call,390.0,0.0,0.01,0.38,3.0,3,1.21875390625,0.0,0.0,-0.0008,0.0,False,2026-04-28 20:37:27.030209,20260428_203727,AAPL
AAPL260501C00400000,2026-05-01,call,400.0,0.0,0.01,0.01,4.0,56,1.3125034374999998,0.0,0.0,-0.001,0.0,False,2026-04-28 20:37:27.030209,20260428_203727,AAPL
AAPL260501P00110000,2026-05-01,put,110.0,0.0,0.01,0.01,20.0,100,3.0000025,-0.0,0.0,-0.001,0.0,False,2026-04-28 20:37:27.030209,20260428_203727,AAPL
AAPL260501P00120000,2026-05-01,put,120.0,0.0,0.01,0.06,1.0,1,2.68750328125,-0.0,0.0,-0.0008,0.0,False,2026-04-28 20:37:27.030209,20260428_203727,AAPL
AAPL260501P00125000,2026-05-01,put,125.0,0.0,0.01,0.01,2000.0,2000,2.56250359375,-0.0,0.0,-0.0009,0.0,False,2026-04-28 20:37:27.030209,20260428_203727,AAPL
AAPL260501P00130000,2026-05-01,put,130.0,0.0,0.01,0.01,2000.0,2000,2.43750390625,-0.0,0.0,-0.0009,0.0,False,2026-04-28 20:37:27.030209,20260428_203727,AAPL
AAPL260501P00135000,2026-05-01,put,135.0,0.0,0.01,0.01,5.0,21942,2.3125042187499996,-0.0,0.0,-0.0008,0.0,False,2026-04-28 20:37:27.030209,20260428_203727,AAPL
AAPL260501P00140000,2026-05-01,put,140.0,0.0,0.39,0.01,20.0,10,3.14843962890625,-0.0016,0.0001,-0.0818,0.001,False,2026-04-28 20:37:27.030209,20260428_203727,AAPL
AAPL260501P00145000,2026-05-01,put,145.0,0.0,0.39,0.01,20.0,102,2.99219001953125,-0.0017,0.0001,-0.0815,0.0011,False,2026-04-28 20:37:27.030209,20260428_203727,AAPL
AAPL260501P00150000,2026-05-01,put,150.0,0.0,0.05,0.01,30.0,7,2.2656293359374997,-0.0002,0.0,-0.0068,0.0001,False,2026-04-28 20:37:27.030209,20260428_203727,AAPL
AAPL260501P00155000,2026-05-01,put,155.0,0.0,0.05,0.03,3.0,3,2.156254609375,-0.0002,0.0,-0.0072,0.0001,False,2026-04-28 20:37:27.030209,20260428_203727,AAPL
AAPL260501P00160000,2026-05-01,put,160.0,0.0,0.04,0.02,1.0,57,1.9921875390625,-0.0001,0.0,-0.0052,0.0001,False,2026-04-28 20:37:27.030209,20260428_203727,AAPL
AAPL260501P00165000,2026-05-01,put,165.0,0.0,0.07,0.01,9.0,490,1.9921875390625,-0.0003,0.0,-0.011,0.0002,False,2026-04-28 20:37:27.030209,20260428_203727,AAPL
AAPL260501P00170000,2026-05-01,put,170.0,0.0,0.07,0.04,3.0,297,1.875000625,-0.0003,0.0,-0.0107,0.0002,False,2026-04-28 20:37:27.030209,20260428_203727,AAPL
AAPL260501P00175000,2026-05-01,put,175.0,0.0,0.03,0.01,1256.0,387,1.625001875,-0.0001,0.0,-0.0036,0.0001,False,2026-04-28 20:37:27.030209,20260428_203727,AAPL
AAPL260501P00180000,2026-05-01,put,180.0,0.0,0.04,0.01,255.0,835,1.5781271093749998,-0.0002,0.0,-0.0057,0.0001,False,2026-04-28 20:37:27.030209,20260428_203727,AAPL
AAPL260501P00185000,2026-05-01,put,185.0,0.0,0.39,0.01,14.0,138,1.9179691601562503,-0.0029,0.0002,-0.0862,0.0018,False,2026-04-28 20:37:27.030209,20260428_203727,AAPL
AAPL260501P00190000,2026-05-01,put,190.0,0.0,0.03,0.01,91.0,504,1.3437532812499997,-0.0002,0.0,-0.0039,0.0001,False,2026-04-28 20:37:27.030209,20260428_203727,AAPL
AAPL260501P00195000,2026-05-01,put,195.0,0.0,0.05,0.01,4.0,100,1.3203158984374999,-0.0003,0.0,-0.0079,0.0002,False,2026-04-28 20:37:27.030209,20260428_203727,AAPL
AAPL260501P00200000,2026-05-01,put,200.0,0.0,0.02,0.01,5.0,2681,1.125004375,-0.0001,0.0,-0.0026,0.0001,False,2026-04-28 20:37:27.030209,20260428_203727,AAPL
AAPL260501P00205000,2026-05-01,put,205.0,0.0,0.05,0.04,544.0,699,1.1328168359375002,-0.0004,0.0001,-0.008,0.0003,False,2026-04-28 20:37:27.030209,20260428_203727,AAPL
AAPL260501P00210000,2026-05-01,put,210.0,0.01,0.03,0.02,5.0,3220,1.015629921875,-0.0003,0.0001,-0.0059,0.0002,False,2026-04-28 20:37:27.030209,20260428_203727,AAPL
AAPL260501P00215000,2026-05-01,put,215.0,0.02,0.05,0.04,40.0,944,0.992187578125,-0.0007,0.0001,-0.0127,0.0005,False,2026-04-28 20:37:27.030209,20260428_203727,AAPL
AAPL260501P00220000,2026-05-01,put,220.0,0.02,0.04,0.03,266.0,1151,0.8828136718749999,-0.0007,0.0001,-0.0102,0.0005,False,2026-04-28 20:37:27.030209,20260428_203727,AAPL
AAPL260501P00225000,2026-05-01,put,225.0,0.03,0.05,0.04,237.0,1225,0.8242205078124999,-0.0011,0.0002,-0.0149,0.0007,False,2026-04-28 20:37:27.030209,20260428_203727,AAPL
AAPL260501P00227500,2026-05-01,put,227.5,0.03,0.06,0.05,10.0,102,0.7929708203125,-0.0014,0.0003,-0.0177,0.0009,False,2026-04-28 20:37:27.030209,20260428_203727,AAPL
AAPL260501P00230000,2026-05-01,put,230.0,0.05,0.06,0.05,125.0,1623,0.7656273437500001,-0.0018,0.0004,-0.0222,0.0012,False,2026-04-28 20:37:27.030209,20260428_203727,AAPL
AAPL260501P00232500,2026-05-01,put,232.5,0.04,0.09,0.07,22.0,87,0.73633076171875,-0.0024,0.0005,-0.0272,0.0015,False,2026-04-28 20:37:27.030209,20260428_203727,AAPL
AAPL260501P00235000,2026-05-01,put,235.0,0.07,0.09,0.09,169.0,1581,0.710940390625,-0.0033,0.0007,-0.0351,0.002,False,2026-04-28 20:37:27.030209,20260428_203727,AAPL
AAPL260501P00237500,2026-05-01,put,237.5,0.1,0.13,0.11,68.0,1472,0.6992217578125001,-0.0052,0.0011,-0.0526,0.003,False,2026-04-28 20:37:27.030209,20260428_203727,AAPL
AAPL260501P00240000,2026-05-01,put,240.0,0.12,0.14,0.13,739.0,6299,0.6640658593750002,-0.0066,0.0014,-0.0611,0.0037,False,2026-04-28 20:37:27.030209,20260428_203727,AAPL
AAPL260501P00242500,2026-05-01,put,242.5,0.16,0.19,0.16,68.0,600,0.64648791015625,-0.0099,0.002,-0.0854,0.0053,False,2026-04-28 20:37:27.030209,20260428_203727,AAPL
AAPL260501P00245000,2026-05-01,put,245.0,0.2,0.25,0.24,799.0,3200,0.62305064453125,-0.0142,0.0029,-0.112,0.0072,False,2026-04-28 20:37:27.030209,20260428_203727,AAPL
AAPL260501P00247500,2026-05-01,put,247.5,0.31,0.33,0.33,377.0,3454,0.6113320117187502,-0.0222,0.0043,-0.1614,0.0106,False,2026-04-28 20:37:27.030209,20260428_203727,AAPL
AAPL260501P00250000,2026-05-01,put,250.0,0.44,0.45,0.45,4951.0,19629,0.5981485498046876,-0.0339,0.0063,-0.2245,0.0151,False,2026-04-28 20:37:27.030209,20260428_203727,AAPL
AAPL260501P00252500,2026-05-01,put,252.5,0.6,0.62,0.61,819.0,2117,0.5839885351562499,-0.0506,0.0089,-0.3028,0.0209,False,2026-04-28 20:37:27.030209,20260428_203727,AAPL
AAPL260501P00255000,2026-05-01,put,255.0,0.82,0.86,0.83,1304.0,5809,0.5717816259765626,-0.0749,0.0123,-0.4023,0.0283,False,2026-04-28 20:37:27.030209,20260428_203727,AAPL
AAPL260501P00257500,2026-05-01,put,257.5,1.13,1.18,1.15,3073.0,6465,0.5610395458984375,-0.109,0.0166,-0.5208,0.0374,False,2026-04-28 20:37:27.030209,20260428_203727,AAPL
AAPL260501P00260000,2026-05-01,put,260.0,1.54,1.61,1.61,2378.0,6268,0.551762294921875,-0.1549,0.0215,-0.6526,0.0477,False,2026-04-28 20:37:27.030209,20260428_203727,AAPL
AAPL260501P00262500,2026-05-01,put,262.5,2.1,2.18,2.18,1238.0,1841,0.5451705639648439,-0.2147,0.0267,-0.7893,0.0585,False,2026-04-28 20:37:27.030209,20260428_203727,AAPL
AAPL260501P00265000,2026-05-01,put,265.0,2.81,2.88,2.84,1410.0,4573,0.5378464184570313,-0.287,0.0316,-0.9069,0.0683,False,2026-04-28 20:37:27.030209,20260428_203727,AAPL
AAPL260501P00267500,2026-05-01,put,267.5,3.65,3.8,3.75,1208.0,2418,0.5314988256835937,-0.3708,0.0355,-0.9919,0.0757,False,2026-04-28 20:37:27.030209,20260428_203727,AAPL
AAPL260501P00270000,2026-05-01,put,270.0,4.7,4.9,4.9,2899.0,5540,0.526371923828125,-0.4626,0.0377,-1.0297,0.0796,False,2026-04-28 20:37:27.030209,20260428_203727,AAPL
AAPL260501P00272500,2026-05-01,put,272.5,5.95,6.15,6.11,827.0,1493,0.5197801928710937,-0.5576,0.0379,-1.0066,0.0791,True,2026-04-28 20:37:27.030209,20260428_203727,AAPL
AAPL260501P00275000,2026-05-01,put,275.0,7.45,7.65,7.58,359.0,2453,0.5190477783203125,-0.6491,0.0356,-0.9391,0.0743,True,2026-04-28 20:37:27.030209,20260428_203727,AAPL
AAPL260501P00277500,2026-05-01,put,277.5,8.85,9.4,9.2,99.0,1120,0.5061084545898438,-0.7374,0.0321,-0.7982,0.0653,True,2026-04-28 20:37:27.030209,20260428_203727,AAPL
AAPL260501P00280000,2026-05-01,put,280.0,10.85,11.25,11.32,1724.0,4470,0.5141650146484374,-0.8052,0.0267,-0.6785,0.0552,True,2026-04-28 20:37:27.030209,20260428_203727,AAPL
AAPL260501P00282500,2026-05-01,put,282.5,12.45,13.3,13.4,965.0,1199,0.5510298803710938,-0.8457,0.0215,-0.6228,0.0476,True,2026-04-28 20:37:27.030209,20260428_203727,AAPL
AAPL260501P00285000,2026-05-01,put,285.0,13.85,15.55,15.49,3.0,741,0.5788616333007812,-0.8795,0.0173,-0.547,0.0402,True,2026-04-28 20:37:27.030209,20260428_203727,AAPL
AAPL260501P00287500,2026-05-01,put,287.5,16.5,18.7,17.65,19.0,200,0.5581098876953126,-0.9235,0.0128,-0.3651,0.0288,True,2026-04-28 20:37:27.030209,20260428_203727,AAPL
AAPL260501P00290000,2026-05-01,put,290.0,18.95,20.45,20.19,143.0,13,0.5161181201171875,-0.9621,0.008,-0.175,0.0165,True,2026-04-28 20:37:27.030209,20260428_203727,AAPL
AAPL260501P00292500,2026-05-01,put,292.5,20.2,23.9,22.47,1.0,56,0.5127001855468749,-0.978,0.0051,-0.0957,0.0105,True,2026-04-28 20:37:27.030209,20260428_203727,AAPL
AAPL260501P00295000,2026-05-01,put,295.0,23.55,25.4,24.75,65.0,73,0.5224657128906249,-0.9859,0.0034,-0.0539,0.0072,True,2026-04-28 20:37:27.030209,20260428_203727,AAPL
AAPL260501P00297500,2026-05-01,put,297.5,25.0,28.75,27.29,1.0,76,0.9965820654296875,-0.8923,0.0093,-0.888,0.0371,True,2026-04-28 20:37:27.030209,20260428_203727,AAPL
AAPL260501P00300000,2026-05-01,put,300.0,28.5,30.3,29.53,6.0,49,0.5566450585937501,-0.9932,0.0017,-0.0123,0.0038,True,2026-04-28 20:37:27.030209,20260428_203727,AAPL
AAPL260501P00305000,2026-05-01,put,305.0,32.3,36.25,33.8,,0,1.164554958496094,-0.9094,0.007,-0.9134,0.0327,True,2026-04-28 20:37:27.030209,20260428_203727,AAPL
AAPL260501P00310000,2026-05-01,put,310.0,37.8,41.25,42.5,1.0,0,0.79101771484375,-0.9887,0.0019,-0.0753,0.0059,True,2026-04-28 20:37:27.030209,20260428_203727,AAPL
AAPL260501P00360000,2026-05-01,put,360.0,87.65,91.15,107.6,,0,1.32422212890625,-0.9979,0.0003,0.0044,0.0014,True,2026-04-28 20:37:27.030209,20260428_203727,AAPL
AAPL260504C00200000,2026-05-04,call,200.0,68.9,72.35,71.5,2.0,5,1.640626796875,0.9531,0.0019,-0.5345,0.031,True,2026-04-28 20:37:27.030209,20260428_203727,AAPL
AAPL260504C00240000,2026-05-04,call,240.0,29.2,32.7,30.0,,1,0.5205126074218749,0.9782,0.0032,-0.1179,0.0165,True,2026-04-28 20:37:27.030209,20260428_203727,AAPL
AAPL260504C00247500,2026-05-04,call,247.5,22.15,25.5,25.09,2.0,2,0.5009815527343751,0.9418,0.0073,-0.2164,0.0369,True,2026-04-28 20:37:27.030209,20260428_203727,AAPL
AAPL260504C00250000,2026-05-04,call,250.0,20.0,22.3,22.22,1.0,130,0.603763728027344,0.8793,0.0105,-0.4139,0.0637,True,2026-04-28 20:37:27.030209,20260428_203727,AAPL
AAPL260504C00255000,2026-05-04,call,255.0,16.65,18.2,16.58,11.0,35,0.5139208764648437,0.8498,0.0143,-0.4092,0.074,True,2026-04-28 20:37:27.030209,20260428_203727,AAPL
AAPL260504C00257500,2026-05-04,call,257.5,14.3,15.1,14.42,3.0,3,0.47803256347656253,0.8249,0.017,-0.4191,0.0817,True,2026-04-28 20:37:27.030209,20260428_203727,AAPL
AAPL260504C00260000,2026-05-04,call,260.0,12.25,13.05,12.45,69.0,134,0.46411668701171876,0.7832,0.02,-0.4591,0.093,True,2026-04-28 20:37:27.030209,20260428_203727,AAPL
AAPL260504C00262500,2026-05-04,call,262.5,10.45,11.05,10.1,59.0,26,0.446294599609375,0.7353,0.0232,-0.4887,0.1037,True,2026-04-28 20:37:27.030209,20260428_203727,AAPL
AAPL260504C00265000,2026-05-04,call,265.0,8.95,9.3,9.13,153.0,422,0.43933666137695315,0.6749,0.0259,-0.5248,0.114,True,2026-04-28 20:37:27.030209,20260428_203727,AAPL
AAPL260504C00267500,2026-05-04,call,267.5,7.35,7.7,7.5,293.0,420,0.43286699951171875,0.6081,0.028,-0.5485,0.1217,True,2026-04-28 20:37:27.030209,20260428_203727,AAPL
AAPL260504C00270000,2026-05-04,call,270.0,6.0,6.2,6.1,1185.0,756,0.4222469885253906,0.5365,0.0297,-0.5506,0.1259,True,2026-04-28 20:37:27.030209,20260428_203727,AAPL
AAPL260504C00272500,2026-05-04,call,272.5,4.8,4.9,4.9,1301.0,254,0.41394629028320307,0.4611,0.0303,-0.5372,0.1258,False,2026-04-28 20:37:27.030209,20260428_203727,AAPL
AAPL260504C00275000,2026-05-04,call,275.0,3.75,3.95,3.85,1991.0,996,0.418951123046875,0.3889,0.0289,-0.5228,0.1215,False,2026-04-28 20:37:27.030209,20260428_203727,AAPL
AAPL260504C00277500,2026-05-04,call,277.5,2.88,3.05,2.99,472.0,217,0.41565525756835936,0.3189,0.0271,-0.4817,0.1131,False,2026-04-28 20:37:27.030209,20260428_203727,AAPL
AAPL260504C00280000,2026-05-04,call,280.0,2.2,2.31,2.27,1121.0,1199,0.41272559936523434,0.2546,0.0245,-0.4287,0.1017,False,2026-04-28 20:37:27.030209,20260428_203727,AAPL
AAPL260504C00282500,2026-05-04,call,282.5,1.63,1.8,1.72,260.0,60,0.4184628466796875,0.2027,0.0213,-0.3815,0.0894,False,2026-04-28 20:37:27.030209,20260428_203727,AAPL
AAPL260504C00285000,2026-05-04,call,285.0,1.22,1.3,1.29,393.0,510,0.4138242211914062,0.153,0.018,-0.3153,0.0748,False,2026-04-28 20:37:27.030209,20260428_203727,AAPL
AAPL260504C00287500,2026-05-04,call,287.5,0.86,0.98,0.92,219.0,109,0.41797457031249996,0.1167,0.0148,-0.264,0.0621,False,2026-04-28 20:37:27.030209,20260428_203727,AAPL
AAPL260504C00290000,2026-05-04,call,290.0,0.66,0.71,0.69,1237.0,313,0.4184628466796875,0.0858,0.0118,-0.2109,0.0497,False,2026-04-28 20:37:27.030209,20260428_203727,AAPL
AAPL260504C00292500,2026-05-04,call,292.5,0.47,0.53,0.49,62.0,41,0.42383388671875,0.064,0.0093,-0.1706,0.0397,False,2026-04-28 20:37:27.030209,20260428_203727,AAPL
AAPL260504C00295000,2026-05-04,call,295.0,0.35,0.4,0.38,204.0,582,0.43018147949218755,0.0477,0.0073,-0.137,0.0315,False,2026-04-28 20:37:27.030209,20260428_203727,AAPL
AAPL260504C00297500,2026-05-04,call,297.5,0.24,0.36,0.28,18.0,12,0.45264219238281256,0.0408,0.0061,-0.127,0.0277,False,2026-04-28 20:37:27.030209,20260428_203727,AAPL
AAPL260504C00300000,2026-05-04,call,300.0,0.19,0.22,0.2,513.0,1087,0.4409235595703125,0.0255,0.0043,-0.0839,0.0188,False,2026-04-28 20:37:27.030209,20260428_203727,AAPL
AAPL260504C00305000,2026-05-04,call,305.0,0.09,0.14,0.11,18.0,167,0.46191944335937507,0.0151,0.0026,-0.0564,0.0121,False,2026-04-28 20:37:27.030209,20260428_203727,AAPL
AAPL260504C00310000,2026-05-04,call,310.0,0.04,0.06,0.06,149.0,353,0.45703667968750006,0.0063,0.0012,-0.026,0.0056,False,2026-04-28 20:37:27.030209,20260428_203727,AAPL
AAPL260504C00320000,2026-05-04,call,320.0,0.0,0.05,0.02,8.0,144,0.5371140039062501,0.0044,0.0008,-0.0222,0.0041,False,2026-04-28 20:37:27.030209,20260428_203727,AAPL
AAPL260504C00325000,2026-05-04,call,325.0,0.0,0.04,0.02,9.0,13,0.523442265625,0.0016,0.0003,-0.0088,0.0017,False,2026-04-28 20:37:27.030209,20260428_203727,AAPL
AAPL260504C00330000,2026-05-04,call,330.0,0.0,0.24,0.05,,2,0.69336244140625,0.0084,0.001,-0.0505,0.0072,False,2026-04-28 20:37:27.030209,20260428_203727,AAPL
AAPL260504P00200000,2026-05-04,put,200.0,0.0,0.43,0.15,,1,1.123051259765625,-0.0088,0.0007,-0.0844,0.0075,False,2026-04-28 20:37:27.030209,20260428_203727,AAPL
AAPL260504P00205000,2026-05-04,put,205.0,0.0,0.15,0.02,41.0,45,0.9062509375,-0.0037,0.0004,-0.0314,0.0035,False,2026-04-28 20:37:27.030209,20260428_203727,AAPL
AAPL260504P00210000,2026-05-04,put,210.0,0.01,0.05,0.04,6.0,21,0.7500025,-0.0016,0.0002,-0.0124,0.0017,False,2026-04-28 20:37:27.030209,20260428_203727,AAPL
AAPL260504P00215000,2026-05-04,put,215.0,0.0,0.06,0.08,24.0,9,0.6875031250000001,-0.0018,0.0003,-0.0124,0.0018,False,2026-04-28 20:37:27.030209,20260428_203727,AAPL
AAPL260504P00220000,2026-05-04,put,220.0,0.03,0.07,0.04,2.0,14,0.6640658593750002,-0.0033,0.0005,-0.0208,0.0032,False,2026-04-28 20:37:27.030209,20260428_203727,AAPL
AAPL260504P00225000,2026-05-04,put,225.0,0.03,0.1,0.1,9.0,14,0.6171913281250001,-0.0046,0.0007,-0.026,0.0042,False,2026-04-28 20:37:27.030209,20260428_203727,AAPL
AAPL260504P00230000,2026-05-04,put,230.0,0.03,0.18,0.12,5.0,7,0.5898478515625001,-0.0081,0.0012,-0.041,0.007,False,2026-04-28 20:37:27.030209,20260428_203727,AAPL
AAPL260504P00235000,2026-05-04,put,235.0,0.13,0.16,0.16,6.0,45,0.5478560839843751,-0.0123,0.0018,-0.0548,0.0101,False,2026-04-28 20:37:27.030209,20260428_203727,AAPL
AAPL260504P00237500,2026-05-04,put,237.5,0.08,0.29,0.28,2.0,6,0.53320779296875,-0.0162,0.0024,-0.0677,0.0128,False,2026-04-28 20:37:27.030209,20260428_203727,AAPL
AAPL260504P00240000,2026-05-04,put,240.0,0.19,0.25,0.22,1.0,80,0.5127001855468749,-0.0203,0.003,-0.0788,0.0155,False,2026-04-28 20:37:27.030209,20260428_203727,AAPL
AAPL260504P00245000,2026-05-04,put,245.0,0.22,0.46,0.35,1751.0,129,0.508793974609375,-0.043,0.0057,-0.1456,0.0289,False,2026-04-28 20:37:27.030209,20260428_203727,AAPL
AAPL260504P00247500,2026-05-04,put,247.5,0.44,0.52,0.47,95.0,12,0.4809622216796875,-0.0513,0.0069,-0.1584,0.0333,False,2026-04-28 20:37:27.030209,20260428_203727,AAPL
AAPL260504P00250000,2026-05-04,put,250.0,0.59,0.66,0.67,967.0,1361,0.46582565429687506,-0.0669,0.0088,-0.1887,0.0411,False,2026-04-28 20:37:27.030209,20260428_203727,AAPL
AAPL260504P00252500,2026-05-04,put,252.5,0.78,0.85,0.88,374.0,149,0.4523980541992188,-0.0878,0.0111,-0.2251,0.0505,False,2026-04-28 20:37:27.030209,20260428_203727,AAPL
AAPL260504P00255000,2026-05-04,put,255.0,1.02,1.15,1.13,121.0,157,0.44653873779296877,-0.1184,0.014,-0.2758,0.0628,False,2026-04-28 20:37:27.030209,20260428_203727,AAPL
AAPL260504P00257500,2026-05-04,put,257.5,1.38,1.5,1.51,96.0,197,0.436529072265625,-0.1543,0.0172,-0.3227,0.0753,False,2026-04-28 20:37:27.030209,20260428_203727,AAPL
AAPL260504P00260000,2026-05-04,put,260.0,1.83,2.0,1.92,273.0,321,0.4321345849609375,-0.2013,0.0205,-0.3771,0.0891,False,2026-04-28 20:37:27.030209,20260428_203727,AAPL
AAPL260504P00262500,2026-05-04,put,262.5,2.4,2.56,2.5,55.0,26,0.42236905761718746,-0.2541,0.024,-0.4192,0.1016,False,2026-04-28 20:37:27.030209,20260428_203727,AAPL
AAPL260504P00265000,2026-05-04,put,265.0,3.15,3.3,3.2,770.0,470,0.4165097412109374,-0.3171,0.027,-0.458,0.1129,False,2026-04-28 20:37:27.030209,20260428_203727,AAPL
AAPL260504P00267500,2026-05-04,put,267.5,4.0,4.25,4.1,59.0,250,0.415044912109375,-0.3882,0.0291,-0.489,0.1214,False,2026-04-28 20:37:27.030209,20260428_203727,AAPL
AAPL260504P00270000,2026-05-04,put,270.0,4.9,5.4,5.42,260.0,139,0.4157773266601562,-0.4632,0.0302,-0.5055,0.1259,False,2026-04-28 20:37:27.030209,20260428_203727,AAPL
AAPL260504P00272500,2026-05-04,put,272.5,6.35,6.7,6.72,38.0,207,0.41480077392578124,-0.5388,0.0302,-0.501,0.1258,True,2026-04-28 20:37:27.030209,20260428_203727,AAPL
AAPL260504P00275000,2026-05-04,put,275.0,7.75,8.2,7.99,36.0,227,0.41602146484374997,-0.612,0.0291,-0.4813,0.1214,True,2026-04-28 20:37:27.030209,20260428_203727,AAPL
AAPL260504P00280000,2026-05-04,put,280.0,10.95,12.0,12.05,1.0,64,0.4470270141601562,-0.7276,0.0234,-0.4418,0.1052,True,2026-04-28 20:37:27.030209,20260428_203727,AAPL
AAPL260504P00282500,2026-05-04,put,282.5,13.0,13.9,13.32,5.0,2,0.4480035668945312,-0.7805,0.0208,-0.389,0.0937,True,2026-04-28 20:37:27.030209,20260428_203727,AAPL
AAPL260504P00285000,2026-05-04,put,285.0,13.8,17.35,19.35,1.0,16,0.5861857788085938,-0.7597,0.0167,-0.5473,0.0986,True,2026-04-28 20:37:27.030209,20260428_203727,AAPL
AAPL260504P00290000,2026-05-04,put,290.0,18.0,21.8,15.65,,2,0.6333044482421876,-0.8112,0.0135,-0.5094,0.0856,True,2026-04-28 20:37:27.030209,20260428_203727,AAPL
